{"type":"FeatureCollection","features":[{"type":"Feature","properties":{"categoria":"LOTE","id_lote":"A - 1","mz":"A","area_calc":67.64},"geometry":{"type":"Polygon","coordinates":[[[-79.739991678,-5.971821948],[-79.739927224,-5.97179147],[-79.739977982,-5.9717225],[-79.740034602,-5.97176433],[-79.739991678,-5.971821948]]]}},{"type":"Feature","properties":{"categoria":"LOTE","id_lote":"A - 2","mz":"A","area_calc":60.52},"geometry":{"type":"Polygon","coordinates":[[[-79.739927145,-5.971791412],[-79.739876672,-5.97176751],[-79.739933897,-5.971690605],[-79.739977775,-5.971722436],[-79.739927145,-5.971791412]]]}},{"type":"Feature","properties":{"categoria":"LOTE","id_lote":"A - 3","mz":"A","area_calc":81.44},"geometry":{"type":"Polygon","coordinates":[[[-79.740034454,-5.971764306],[-79.739934572,-5.971690855],[-79.739969944,-5.97164985],[-79.740067468,-5.971720398],[-79.740034454,-5.971764306]]]}},{"type":"Feature","properties":{"categoria":"LOTE","id_lote":"A - 4","mz":"A","area_calc":77.56},"geometry":{"type":"Polygon","coordinates":[[[-79.740067667,-5.971720311],[-79.739970227,-5.971649686],[-79.740005636,-5.971608234],[-79.740098562,-5.971677303],[-79.740067667,-5.971720311]]]}},{"type":"Feature","properties":{"categoria":"LOTE","id_lote":"A - 5","mz":"A","area_calc":75.27},"geometry":{"type":"Polygon","coordinates":[[[-79.740098547,-5.971676923],[-79.74000603,-5.971608254],[-79.740042247,-5.97156747],[-79.740131368,-5.97163351],[-79.740098547,-5.971676923]]]}},{"type":"Feature","properties":{"categoria":"LOTE","id_lote":"A - 6","mz":"A","area_calc":71.99},"geometry":{"type":"Polygon","coordinates":[[[-79.740163773,-5.971589798],[-79.740131333,-5.971633603],[-79.740042282,-5.97156764],[-79.740076475,-5.971526789],[-79.740163773,-5.971589798]]]}},{"type":"Feature","properties":{"categoria":"LOTE","id_lote":"A - 7","mz":"A","area_calc":70.34},"geometry":{"type":"Polygon","coordinates":[[[-79.740163815,-5.971589848],[-79.740076514,-5.971526863],[-79.740113013,-5.971485656],[-79.740196263,-5.971546275],[-79.740163815,-5.971589848]]]}},{"type":"Feature","properties":{"categoria":"LOTE","id_lote":"A - 8","mz":"A","area_calc":67.35},"geometry":{"type":"Polygon","coordinates":[[[-79.740196299,-5.971546123],[-79.740112973,-5.971485906],[-79.740147742,-5.971443453],[-79.740228158,-5.971502853],[-79.740196299,-5.971546123]]]}},{"type":"Feature","properties":{"categoria":"LOTE","id_lote":"A - 9","mz":"A","area_calc":65.51},"geometry":{"type":"Polygon","coordinates":[[[-79.740228375,-5.971503074],[-79.740147819,-5.971443314],[-79.740182886,-5.971401741],[-79.740260658,-5.971459393],[-79.740228375,-5.971503074]]]}},{"type":"Feature","properties":{"categoria":"LOTE","id_lote":"A - 10","mz":"A","area_calc":62.85},"geometry":{"type":"Polygon","coordinates":[[[-79.740293345,-5.971416099],[-79.740260857,-5.971459316],[-79.740183038,-5.971401857],[-79.740217205,-5.971360591],[-79.740293345,-5.971416099]]]}},{"type":"Feature","properties":{"categoria":"LOTE","id_lote":"A - 11","mz":"A","area_calc":61.49},"geometry":{"type":"Polygon","coordinates":[[[-79.740325311,-5.971372433],[-79.74029345,-5.971416066],[-79.740217063,-5.971360651],[-79.740252483,-5.971318803],[-79.740325311,-5.971372433]]]}},{"type":"Feature","properties":{"categoria":"LOTE","id_lote":"A - 12","mz":"A","area_calc":60.05},"geometry":{"type":"Polygon","coordinates":[[[-79.740325214,-5.971372424],[-79.740252437,-5.97131869],[-79.740284638,-5.971275212],[-79.740357686,-5.971329088],[-79.740325214,-5.971372424]]]}},{"type":"Feature","properties":{"categoria":"LOTE","id_lote":"A - 13","mz":"A","area_calc":60.1},"geometry":{"type":"Polygon","coordinates":[[[-79.740389945,-5.971285364],[-79.740357839,-5.971329071],[-79.740284836,-5.971275601],[-79.740317245,-5.971231883],[-79.740389945,-5.971285364]]]}},{"type":"Feature","properties":{"categoria":"LOTE","id_lote":"A - 14","mz":"A","area_calc":60.31},"geometry":{"type":"Polygon","coordinates":[[[-79.740422599,-5.971241591],[-79.740390086,-5.971285422],[-79.740317112,-5.971231946],[-79.740349438,-5.971188296],[-79.740422599,-5.971241591]]]}},{"type":"Feature","properties":{"categoria":"LOTE","id_lote":"A - 15","mz":"A","area_calc":59.93},"geometry":{"type":"Polygon","coordinates":[[[-79.740454821,-5.971198206],[-79.740422277,-5.971241405],[-79.740348956,-5.971188033],[-79.740381151,-5.971144965],[-79.740454821,-5.971198206]]]}},{"type":"Feature","properties":{"categoria":"LOTE","id_lote":"B - 1","mz":"B","area_calc":55.78},"geometry":{"type":"Polygon","coordinates":[[[-79.740219245,-5.97192813],[-79.740135306,-5.971888992],[-79.740170445,-5.971841258],[-79.740243425,-5.971894733],[-79.740219245,-5.97192813]]]}},{"type":"Feature","properties":{"categoria":"LOTE","id_lote":"B - 2","mz":"B","area_calc":59.78},"geometry":{"type":"Polygon","coordinates":[[[-79.74024354,-5.971894836],[-79.74017062,-5.971841654],[-79.740202552,-5.971798028],[-79.740275579,-5.971851267],[-79.74024354,-5.971894836]]]}},{"type":"Feature","properties":{"categoria":"LOTE","id_lote":"B - 3","mz":"B","area_calc":60.26},"geometry":{"type":"Polygon","coordinates":[[[-79.740275638,-5.971851072],[-79.740202843,-5.971798294],[-79.740235412,-5.971754293],[-79.740308398,-5.971807526],[-79.740275638,-5.971851072]]]}},{"type":"Feature","properties":{"categoria":"LOTE","id_lote":"B - 4","mz":"B","area_calc":58.97},"geometry":{"type":"Polygon","coordinates":[[[-79.740308555,-5.971807526],[-79.740235401,-5.971754088],[-79.740267386,-5.971711372],[-79.740340052,-5.971764485],[-79.740308555,-5.971807526]]]}},{"type":"Feature","properties":{"categoria":"LOTE","id_lote":"B - 5","mz":"B","area_calc":60.4},"geometry":{"type":"Polygon","coordinates":[[[-79.740340423,-5.971764537],[-79.740266995,-5.971711532],[-79.740299761,-5.9716673],[-79.740372208,-5.971720483],[-79.740340423,-5.971764537]]]}},{"type":"Feature","properties":{"categoria":"LOTE","id_lote":"B - 6","mz":"B","area_calc":59.3},"geometry":{"type":"Polygon","coordinates":[[[-79.740372669,-5.971720139],[-79.740299422,-5.97166738],[-79.740332021,-5.971624244],[-79.740404518,-5.971676977],[-79.740372669,-5.971720139]]]}},{"type":"Feature","properties":{"categoria":"LOTE","id_lote":"B - 7","mz":"B","area_calc":60.61},"geometry":{"type":"Polygon","coordinates":[[[-79.740404398,-5.971677542],[-79.740331789,-5.971624066],[-79.740364852,-5.971579956],[-79.740437252,-5.971633937],[-79.740404398,-5.971677542]]]}},{"type":"Feature","properties":{"categoria":"LOTE","id_lote":"B - 8","mz":"B","area_calc":59.96},"geometry":{"type":"Polygon","coordinates":[[[-79.740437146,-5.971634167],[-79.740364474,-5.97158013],[-79.740396364,-5.971537058],[-79.74046956,-5.971590171],[-79.740437146,-5.971634167]]]}},{"type":"Feature","properties":{"categoria":"LOTE","id_lote":"B - 9","mz":"B","area_calc":59.87},"geometry":{"type":"Polygon","coordinates":[[[-79.740469816,-5.971590133],[-79.740396415,-5.971537004],[-79.740428982,-5.97149301],[-79.740501094,-5.971546462],[-79.740469816,-5.971590133]]]}},{"type":"Feature","properties":{"categoria":"LOTE","id_lote":"B - 10","mz":"B","area_calc":59.73},"geometry":{"type":"Polygon","coordinates":[[[-79.740501314,-5.971546428],[-79.740429193,-5.971492823],[-79.740461072,-5.971449756],[-79.740534411,-5.971503105],[-79.740501314,-5.971546428]]]}},{"type":"Feature","properties":{"categoria":"LOTE","id_lote":"B - 11","mz":"B","area_calc":60.25},"geometry":{"type":"Polygon","coordinates":[[[-79.740534387,-5.971503407],[-79.740461524,-5.971449694],[-79.740493818,-5.971406039],[-79.740566746,-5.971459606],[-79.740534387,-5.971503407]]]}},{"type":"Feature","properties":{"categoria":"LOTE","id_lote":"B - 12","mz":"B","area_calc":60.45},"geometry":{"type":"Polygon","coordinates":[[[-79.740461318,-5.971449889],[-79.740388216,-5.971396819],[-79.740420508,-5.971352646],[-79.740493719,-5.971406213],[-79.740461318,-5.971449889]]]}},{"type":"Feature","properties":{"categoria":"LOTE","id_lote":"B - 13","mz":"B","area_calc":59.56},"geometry":{"type":"Polygon","coordinates":[[[-79.740429234,-5.971493266],[-79.740356272,-5.971439959],[-79.740388216,-5.971396687],[-79.740461184,-5.971449756],[-79.740429234,-5.971493266]]]}},{"type":"Feature","properties":{"categoria":"LOTE","id_lote":"B - 14","mz":"B","area_calc":60.36},"geometry":{"type":"Polygon","coordinates":[[[-79.740396716,-5.971537432],[-79.740323793,-5.971483136],[-79.740356168,-5.971439868],[-79.740429065,-5.971493231],[-79.740396716,-5.971537432]]]}},{"type":"Feature","properties":{"categoria":"LOTE","id_lote":"B - 15","mz":"B","area_calc":60.28},"geometry":{"type":"Polygon","coordinates":[[[-79.740364665,-5.971580452],[-79.74029104,-5.971527532],[-79.740323797,-5.971483398],[-79.740396461,-5.971536907],[-79.740364665,-5.971580452]]]}},{"type":"Feature","properties":{"categoria":"LOTE","id_lote":"B - 16","mz":"B","area_calc":60.04},"geometry":{"type":"Polygon","coordinates":[[[-79.740332099,-5.971624394],[-79.740259166,-5.971570415],[-79.740290796,-5.971527274],[-79.740364322,-5.971580195],[-79.740332099,-5.971624394]]]}},{"type":"Feature","properties":{"categoria":"LOTE","id_lote":"B - 17","mz":"B","area_calc":59.16},"geometry":{"type":"Polygon","coordinates":[[[-79.740331792,-5.971624364],[-79.74029986,-5.97166714],[-79.740227287,-5.971613542],[-79.740258997,-5.971570422],[-79.740331792,-5.971624364]]]}},{"type":"Feature","properties":{"categoria":"LOTE","id_lote":"B - 18","mz":"B","area_calc":59.99},"geometry":{"type":"Polygon","coordinates":[[[-79.740299874,-5.971667514],[-79.740267542,-5.971711034],[-79.74019476,-5.97165747],[-79.740227154,-5.97161394],[-79.740299874,-5.971667514]]]}},{"type":"Feature","properties":{"categoria":"LOTE","id_lote":"B - 19","mz":"B","area_calc":59.27},"geometry":{"type":"Polygon","coordinates":[[[-79.740235425,-5.971754392],[-79.740162747,-5.971701054],[-79.740194567,-5.971657694],[-79.740267178,-5.971711203],[-79.740235425,-5.971754392]]]}},{"type":"Feature","properties":{"categoria":"LOTE","id_lote":"B - 20","mz":"B","area_calc":60.03},"geometry":{"type":"Polygon","coordinates":[[[-79.740202999,-5.971798327],[-79.740130235,-5.971744454],[-79.740162352,-5.971701072],[-79.740235272,-5.971754506],[-79.740202999,-5.971798327]]]}},{"type":"Feature","properties":{"categoria":"LOTE","id_lote":"B - 21","mz":"B","area_calc":59.97},"geometry":{"type":"Polygon","coordinates":[[[-79.740202927,-5.971798169],[-79.740170776,-5.971841149],[-79.740097342,-5.971788295],[-79.740130435,-5.971744586],[-79.740202927,-5.971798169]]]}},{"type":"Feature","properties":{"categoria":"LOTE","id_lote":"B - 22","mz":"B","area_calc":75.33},"geometry":{"type":"Polygon","coordinates":[[[-79.74017049,-5.971841362],[-79.740135548,-5.971889381],[-79.740052056,-5.971850409],[-79.740097463,-5.971788385],[-79.74017049,-5.971841362]]]}},{"type":"Feature","properties":{"categoria":"LOTE","id_lote":"C - 1","mz":"C","area_calc":65.99},"geometry":{"type":"Polygon","coordinates":[[[-79.740443954,-5.972038932],[-79.740361491,-5.971997484],[-79.740368974,-5.971986359],[-79.740401456,-5.971943434],[-79.740473947,-5.971997454],[-79.740443954,-5.972038932]]]}},{"type":"Feature","properties":{"categoria":"LOTE","id_lote":"C - 2","mz":"C","area_calc":60.38},"geometry":{"type":"Polygon","coordinates":[[[-79.740474261,-5.971997149],[-79.740401218,-5.971943269],[-79.740433229,-5.971899938],[-79.740506693,-5.971952757],[-79.740474261,-5.971997149]]]}},{"type":"Feature","properties":{"categoria":"LOTE","id_lote":"C - 3","mz":"C","area_calc":59.84},"geometry":{"type":"Polygon","coordinates":[[[-79.740506803,-5.971952647],[-79.740433444,-5.971900213],[-79.740465602,-5.971856419],[-79.740539248,-5.971910057],[-79.740506803,-5.971952647]]]}},{"type":"Feature","properties":{"categoria":"LOTE","id_lote":"C - 4","mz":"C","area_calc":60.46},"geometry":{"type":"Polygon","coordinates":[[[-79.740539079,-5.971910239],[-79.740465728,-5.971856473],[-79.740498185,-5.971812775],[-79.740571289,-5.971866526],[-79.740539079,-5.971910239]]]}},{"type":"Feature","properties":{"categoria":"LOTE","id_lote":"C - 5","mz":"C","area_calc":59.87},"geometry":{"type":"Polygon","coordinates":[[[-79.740571168,-5.97186642],[-79.740497855,-5.97181283],[-79.740530434,-5.971769423],[-79.740603126,-5.971823376],[-79.740571168,-5.97186642]]]}},{"type":"Feature","properties":{"categoria":"LOTE","id_lote":"C - 6","mz":"C","area_calc":60.28},"geometry":{"type":"Polygon","coordinates":[[[-79.740603071,-5.971823407],[-79.740530454,-5.971769442],[-79.740562573,-5.971725955],[-79.740635484,-5.971779014],[-79.740603071,-5.971823407]]]}},{"type":"Feature","properties":{"categoria":"LOTE","id_lote":"C - 7","mz":"C","area_calc":60.3},"geometry":{"type":"Polygon","coordinates":[[[-79.740635725,-5.97177919],[-79.740562575,-5.971725637],[-79.740595278,-5.971681857],[-79.740667931,-5.971735616],[-79.740635725,-5.97177919]]]}},{"type":"Feature","properties":{"categoria":"LOTE","id_lote":"C - 8","mz":"C","area_calc":59.9},"geometry":{"type":"Polygon","coordinates":[[[-79.740667912,-5.971735648],[-79.740595197,-5.971681935],[-79.740627276,-5.971638771],[-79.740700364,-5.971691844],[-79.740667912,-5.971735648]]]}},{"type":"Feature","properties":{"categoria":"LOTE","id_lote":"C - 9","mz":"C","area_calc":59.94},"geometry":{"type":"Polygon","coordinates":[[[-79.740700471,-5.971692026],[-79.740627349,-5.971638786],[-79.740659194,-5.971594795],[-79.740732504,-5.97164925],[-79.740700471,-5.971692026]]]}},{"type":"Feature","properties":{"categoria":"LOTE","id_lote":"C - 10","mz":"C","area_calc":60.83},"geometry":{"type":"Polygon","coordinates":[[[-79.740732579,-5.971649421],[-79.740659649,-5.971595237],[-79.740692041,-5.971551169],[-79.74076483,-5.971605003],[-79.740732579,-5.971649421]]]}},{"type":"Feature","properties":{"categoria":"LOTE","id_lote":"C - 11","mz":"C","area_calc":60.21},"geometry":{"type":"Polygon","coordinates":[[[-79.740659709,-5.971594848],[-79.740586481,-5.971542083],[-79.740619028,-5.971498122],[-79.740692018,-5.971551238],[-79.740659709,-5.971594848]]]}},{"type":"Feature","properties":{"categoria":"LOTE","id_lote":"C - 12","mz":"C","area_calc":60.01},"geometry":{"type":"Polygon","coordinates":[[[-79.740627501,-5.971638719],[-79.740553993,-5.971585416],[-79.740586207,-5.971541959],[-79.740659572,-5.971595385],[-79.740627501,-5.971638719]]]}},{"type":"Feature","properties":{"categoria":"LOTE","id_lote":"C - 13","mz":"C","area_calc":59.79},"geometry":{"type":"Polygon","coordinates":[[[-79.740595659,-5.971681967],[-79.740522186,-5.971628932],[-79.740553827,-5.971585204],[-79.740627336,-5.97163864],[-79.740595659,-5.971681967]]]}},{"type":"Feature","properties":{"categoria":"LOTE","id_lote":"C - 14","mz":"C","area_calc":60.13},"geometry":{"type":"Polygon","coordinates":[[[-79.74056291,-5.971725711],[-79.740489795,-5.97167272],[-79.740522195,-5.971629015],[-79.740595258,-5.971681929],[-79.74056291,-5.971725711]]]}},{"type":"Feature","properties":{"categoria":"LOTE","id_lote":"C - 15","mz":"C","area_calc":59.67},"geometry":{"type":"Polygon","coordinates":[[[-79.740530343,-5.971769094],[-79.740457449,-5.971715733],[-79.740489452,-5.971672571],[-79.740562638,-5.971725648],[-79.740530343,-5.971769094]]]}},{"type":"Feature","properties":{"categoria":"LOTE","id_lote":"C - 16","mz":"C","area_calc":59.58},"geometry":{"type":"Polygon","coordinates":[[[-79.740498205,-5.97181268],[-79.740425589,-5.97175917],[-79.740457274,-5.971715948],[-79.740530507,-5.971769325],[-79.740498205,-5.97181268]]]}},{"type":"Feature","properties":{"categoria":"LOTE","id_lote":"C - 17","mz":"C","area_calc":60.0},"geometry":{"type":"Polygon","coordinates":[[[-79.740465827,-5.971856333],[-79.74039299,-5.971803425],[-79.740425314,-5.971759292],[-79.740498021,-5.971813058],[-79.740465827,-5.971856333]]]}},{"type":"Feature","properties":{"categoria":"LOTE","id_lote":"C - 18","mz":"C","area_calc":59.73},"geometry":{"type":"Polygon","coordinates":[[[-79.740433223,-5.971900147],[-79.740360653,-5.971846201],[-79.74039264,-5.971803311],[-79.740465648,-5.971856284],[-79.740433223,-5.971900147]]]}},{"type":"Feature","properties":{"categoria":"LOTE","id_lote":"C - 19","mz":"C","area_calc":59.6},"geometry":{"type":"Polygon","coordinates":[[[-79.740401061,-5.97194296],[-79.740328322,-5.971890216],[-79.740360551,-5.971846399],[-79.740433336,-5.971900161],[-79.740401061,-5.97194296]]]}},{"type":"Feature","properties":{"categoria":"LOTE","id_lote":"C - 20","mz":"C","area_calc":83.2},"geometry":{"type":"Polygon","coordinates":[[[-79.740360997,-5.971997255],[-79.740278484,-5.971956243],[-79.740328342,-5.971890168],[-79.740401526,-5.97194348],[-79.740360997,-5.971997255]]]}},{"type":"Feature","properties":{"categoria":"LOTE","id_lote":"D - 1","mz":"D","area_calc":96.89},"geometry":{"type":"Polygon","coordinates":[[[-79.740715038,-5.972085349],[-79.740667302,-5.972149625],[-79.740585327,-5.972107827],[-79.740642075,-5.972031972],[-79.740715038,-5.972085349]]]}},{"type":"Feature","properties":{"categoria":"LOTE","id_lote":"D - 2","mz":"D","area_calc":60.22},"geometry":{"type":"Polygon","coordinates":[[[-79.740715171,-5.972085295],[-79.740642119,-5.972031648],[-79.740674236,-5.971988088],[-79.740747524,-5.972041633],[-79.740715171,-5.972085295]]]}},{"type":"Feature","properties":{"categoria":"LOTE","id_lote":"D - 3","mz":"D","area_calc":59.81},"geometry":{"type":"Polygon","coordinates":[[[-79.740747795,-5.972041497],[-79.740674533,-5.971987663],[-79.740707074,-5.971944365],[-79.740779566,-5.971998239],[-79.740747795,-5.972041497]]]}},{"type":"Feature","properties":{"categoria":"LOTE","id_lote":"D - 4","mz":"D","area_calc":59.7},"geometry":{"type":"Polygon","coordinates":[[[-79.740779643,-5.971998221],[-79.740706765,-5.971944839],[-79.740738728,-5.971901377],[-79.74081171,-5.971954862],[-79.740779643,-5.971998221]]]}},{"type":"Feature","properties":{"categoria":"LOTE","id_lote":"D - 5","mz":"D","area_calc":60.3},"geometry":{"type":"Polygon","coordinates":[[[-79.740811793,-5.971954648],[-79.740738699,-5.97190153],[-79.740771124,-5.971857544],[-79.740844018,-5.971910754],[-79.740811793,-5.971954648]]]}},{"type":"Feature","properties":{"categoria":"LOTE","id_lote":"D - 6","mz":"D","area_calc":59.74},"geometry":{"type":"Polygon","coordinates":[[[-79.740844091,-5.971911049],[-79.740771673,-5.971857334],[-79.740803736,-5.971813935],[-79.740876385,-5.971867486],[-79.740844091,-5.971911049]]]}},{"type":"Feature","properties":{"categoria":"LOTE","id_lote":"D - 7","mz":"D","area_calc":60.04},"geometry":{"type":"Polygon","coordinates":[[[-79.740876457,-5.97186774],[-79.740803715,-5.971814099],[-79.740835537,-5.971770497],[-79.740908749,-5.971824005],[-79.740876457,-5.97186774]]]}},{"type":"Feature","properties":{"categoria":"LOTE","id_lote":"D - 8","mz":"D","area_calc":60.22},"geometry":{"type":"Polygon","coordinates":[[[-79.740908882,-5.971823678],[-79.740835673,-5.9717701],[-79.740868485,-5.971726632],[-79.740941282,-5.971780273],[-79.740908882,-5.971823678]]]}},{"type":"Feature","properties":{"categoria":"LOTE","id_lote":"D - 9","mz":"D","area_calc":60.41},"geometry":{"type":"Polygon","coordinates":[[[-79.740941727,-5.971780483],[-79.74086814,-5.971727112],[-79.740900417,-5.971682988],[-79.74097334,-5.971736491],[-79.740941727,-5.971780483]]]}},{"type":"Feature","properties":{"categoria":"LOTE","id_lote":"D - 10","mz":"D","area_calc":59.92},"geometry":{"type":"Polygon","coordinates":[[[-79.740973344,-5.971737024],[-79.740900281,-5.971682855],[-79.740932695,-5.971640047],[-79.741005758,-5.971693688],[-79.740973344,-5.971737024]]]}},{"type":"Feature","properties":{"categoria":"LOTE","id_lote":"D - 11","mz":"D","area_calc":60.47},"geometry":{"type":"Polygon","coordinates":[[[-79.741006027,-5.97169342],[-79.740932705,-5.971639916],[-79.740965248,-5.971596188],[-79.74103857,-5.971650089],[-79.741006027,-5.97169342]]]}},{"type":"Feature","properties":{"categoria":"LOTE","id_lote":"D - 12","mz":"D","area_calc":59.85},"geometry":{"type":"Polygon","coordinates":[[[-79.741038448,-5.971649841],[-79.740965231,-5.97159592],[-79.740997122,-5.971552968],[-79.741070565,-5.971606219],[-79.741038448,-5.971649841]]]}},{"type":"Feature","properties":{"categoria":"LOTE","id_lote":"D - 13","mz":"D","area_calc":59.8},"geometry":{"type":"Polygon","coordinates":[[[-79.740965372,-5.971595909],[-79.740891911,-5.971542796],[-79.740924457,-5.971499329],[-79.740997254,-5.971552705],[-79.740965372,-5.971595909]]]}},{"type":"Feature","properties":{"categoria":"LOTE","id_lote":"D - 14","mz":"D","area_calc":60.31},"geometry":{"type":"Polygon","coordinates":[[[-79.740932819,-5.971639993],[-79.740859906,-5.971586397],[-79.74089205,-5.971542933],[-79.740965239,-5.971595513],[-79.740932819,-5.971639993]]]}},{"type":"Feature","properties":{"categoria":"LOTE","id_lote":"D - 15","mz":"D","area_calc":59.58},"geometry":{"type":"Polygon","coordinates":[[[-79.740900544,-5.971683068],[-79.740827876,-5.971629696],[-79.740859898,-5.971586497],[-79.740932954,-5.971639869],[-79.740900544,-5.971683068]]]}},{"type":"Feature","properties":{"categoria":"LOTE","id_lote":"D - 16","mz":"D","area_calc":60.26},"geometry":{"type":"Polygon","coordinates":[[[-79.74086817,-5.971727081],[-79.740795475,-5.971673286],[-79.74082752,-5.971629706],[-79.740900448,-5.97168256],[-79.74086817,-5.971727081]]]}},{"type":"Feature","properties":{"categoria":"LOTE","id_lote":"D - 17","mz":"D","area_calc":59.87},"geometry":{"type":"Polygon","coordinates":[[[-79.740835486,-5.971770277],[-79.740763053,-5.971716921],[-79.740795441,-5.971673241],[-79.740867927,-5.971726799],[-79.740835486,-5.971770277]]]}},{"type":"Feature","properties":{"categoria":"LOTE","id_lote":"D - 18","mz":"D","area_calc":59.54},"geometry":{"type":"Polygon","coordinates":[[[-79.740803814,-5.971813778],[-79.740730956,-5.971760968],[-79.740763167,-5.971717194],[-79.740835666,-5.971770458],[-79.740803814,-5.971813778]]]}},{"type":"Feature","properties":{"categoria":"LOTE","id_lote":"D - 19","mz":"D","area_calc":59.54},"geometry":{"type":"Polygon","coordinates":[[[-79.740771471,-5.971857134],[-79.74069816,-5.97180419],[-79.740730466,-5.971761044],[-79.740803706,-5.971814324],[-79.740771471,-5.971857134]]]}},{"type":"Feature","properties":{"categoria":"LOTE","id_lote":"D - 20","mz":"D","area_calc":59.94},"geometry":{"type":"Polygon","coordinates":[[[-79.740739098,-5.971901317],[-79.740666277,-5.971847789],[-79.740698053,-5.971804218],[-79.74077121,-5.971857454],[-79.740739098,-5.971901317]]]}},{"type":"Feature","properties":{"categoria":"LOTE","id_lote":"D - 21","mz":"D","area_calc":60.04},"geometry":{"type":"Polygon","coordinates":[[[-79.740739376,-5.971901187],[-79.740706536,-5.971945018],[-79.740634082,-5.971891134],[-79.740666196,-5.971848007],[-79.740739376,-5.971901187]]]}},{"type":"Feature","properties":{"categoria":"LOTE","id_lote":"D - 22","mz":"D","area_calc":59.83},"geometry":{"type":"Polygon","coordinates":[[[-79.740674215,-5.971988263],[-79.740601706,-5.971934514],[-79.740633455,-5.971891178],[-79.740706772,-5.971944951],[-79.740674215,-5.971988263]]]}},{"type":"Feature","properties":{"categoria":"LOTE","id_lote":"D - 23","mz":"D","area_calc":59.79},"geometry":{"type":"Polygon","coordinates":[[[-79.740674179,-5.971987983],[-79.740641932,-5.972031855],[-79.740569559,-5.971978588],[-79.740601549,-5.971934869],[-79.740674179,-5.971987983]]]}},{"type":"Feature","properties":{"categoria":"LOTE","id_lote":"D - 24","mz":"D","area_calc":59.54},"geometry":{"type":"Polygon","coordinates":[[[-79.740609856,-5.972075533],[-79.740537176,-5.972021481],[-79.740568926,-5.97197839],[-79.740641643,-5.972031764],[-79.740609856,-5.972075533]]]}},{"type":"Feature","properties":{"categoria":"LOTE","id_lote":"D - 25","mz":"D","area_calc":54.09},"geometry":{"type":"Polygon","coordinates":[[[-79.740585058,-5.972107743],[-79.740502793,-5.972067294],[-79.740536933,-5.97202158],[-79.74060974,-5.972075164],[-79.740585058,-5.972107743]]]}},{"type":"Feature","properties":{"categoria":"LOTE","id_lote":"E - 1","mz":"E","area_calc":60.05},"geometry":{"type":"Polygon","coordinates":[[[-79.741109546,-5.971553976],[-79.741036738,-5.971500511],[-79.741068469,-5.97145623],[-79.741141518,-5.971511036],[-79.741109546,-5.971553976]]]}},{"type":"Feature","properties":{"categoria":"LOTE","id_lote":"E - 2","mz":"E","area_calc":60.06},"geometry":{"type":"Polygon","coordinates":[[[-79.741173936,-5.97146703],[-79.741141361,-5.971511069],[-79.741068915,-5.971456543],[-79.741100836,-5.971413588],[-79.741173936,-5.97146703]]]}},{"type":"Feature","properties":{"categoria":"LOTE","id_lote":"E - 3","mz":"E","area_calc":59.98},"geometry":{"type":"Polygon","coordinates":[[[-79.741206003,-5.971423985],[-79.741173979,-5.971466783],[-79.741100616,-5.971413526],[-79.741133176,-5.971369754],[-79.741206003,-5.971423985]]]}},{"type":"Feature","properties":{"categoria":"LOTE","id_lote":"E - 4","mz":"E","area_calc":60.36},"geometry":{"type":"Polygon","coordinates":[[[-79.74123868,-5.97137972],[-79.741205772,-5.971423636],[-79.741133072,-5.971370049],[-79.74116547,-5.971326576],[-79.74123868,-5.97137972]]]}},{"type":"Feature","properties":{"categoria":"LOTE","id_lote":"E - 5","mz":"E","area_calc":59.77},"geometry":{"type":"Polygon","coordinates":[[[-79.74127077,-5.971336412],[-79.741238641,-5.971379672],[-79.74116535,-5.971326392],[-79.741197398,-5.97128312],[-79.74127077,-5.971336412]]]}},{"type":"Feature","properties":{"categoria":"LOTE","id_lote":"E - 6","mz":"E","area_calc":60.6},"geometry":{"type":"Polygon","coordinates":[[[-79.741303131,-5.971292668],[-79.741270912,-5.971336404],[-79.741197542,-5.971283199],[-79.741230067,-5.971238976],[-79.741303131,-5.971292668]]]}},{"type":"Feature","properties":{"categoria":"LOTE","id_lote":"E - 7","mz":"E","area_calc":59.15},"geometry":{"type":"Polygon","coordinates":[[[-79.741335212,-5.971249218],[-79.741302978,-5.971292393],[-79.741230199,-5.971238875],[-79.741261697,-5.971196316],[-79.741335212,-5.971249218]]]}},{"type":"Feature","properties":{"categoria":"LOTE","id_lote":"E - 8","mz":"E","area_calc":60.16},"geometry":{"type":"Polygon","coordinates":[[[-79.741367369,-5.971205674],[-79.741335403,-5.971249289],[-79.741261904,-5.971196055],[-79.741294489,-5.971152365],[-79.741367369,-5.971205674]]]}},{"type":"Feature","properties":{"categoria":"LOTE","id_lote":"E - 9","mz":"E","area_calc":60.15},"geometry":{"type":"Polygon","coordinates":[[[-79.741367629,-5.971205875],[-79.741294728,-5.971152214],[-79.741327045,-5.971108591],[-79.74140005,-5.971162554],[-79.741367629,-5.971205875]]]}},{"type":"Feature","properties":{"categoria":"LOTE","id_lote":"E - 10","mz":"E","area_calc":60.14},"geometry":{"type":"Polygon","coordinates":[[[-79.741400304,-5.971162644],[-79.741326825,-5.971108752],[-79.741359095,-5.971065475],[-79.741432239,-5.971118879],[-79.741400304,-5.971162644]]]}},{"type":"Feature","properties":{"categoria":"LOTE","id_lote":"E - 11","mz":"E","area_calc":60.55},"geometry":{"type":"Polygon","coordinates":[[[-79.741464754,-5.971075445],[-79.741431984,-5.971118841],[-79.741358837,-5.971065294],[-79.741391852,-5.971021601],[-79.741464754,-5.971075445]]]}},{"type":"Feature","properties":{"categoria":"LOTE","id_lote":"E - 12","mz":"E","area_calc":60.03},"geometry":{"type":"Polygon","coordinates":[[[-79.741497067,-5.971031663],[-79.741464975,-5.971075553],[-79.741391744,-5.971021758],[-79.741423681,-5.970978563],[-79.741497067,-5.971031663]]]}},{"type":"Feature","properties":{"categoria":"LOTE","id_lote":"E - 13","mz":"E","area_calc":59.58},"geometry":{"type":"Polygon","coordinates":[[[-79.741528859,-5.970988122],[-79.741497263,-5.971031626],[-79.741423874,-5.970978312],[-79.74145614,-5.970935065],[-79.741528859,-5.970988122]]]}},{"type":"Feature","properties":{"categoria":"LOTE","id_lote":"E - 14","mz":"E","area_calc":60.49},"geometry":{"type":"Polygon","coordinates":[[[-79.741456162,-5.970934999],[-79.741423774,-5.970978548],[-79.74135054,-5.970924773],[-79.741382813,-5.970881016],[-79.741456162,-5.970934999]]]}},{"type":"Feature","properties":{"categoria":"LOTE","id_lote":"E - 15","mz":"E","area_calc":59.89},"geometry":{"type":"Polygon","coordinates":[[[-79.741423753,-5.970978607],[-79.741391655,-5.971021768],[-79.741318467,-5.97096807],[-79.741350646,-5.970924736],[-79.741423753,-5.970978607]]]}},{"type":"Feature","properties":{"categoria":"LOTE","id_lote":"E - 16","mz":"E","area_calc":60.49},"geometry":{"type":"Polygon","coordinates":[[[-79.741391766,-5.971021563],[-79.741358878,-5.971065018],[-79.741285969,-5.971012087],[-79.741318582,-5.970968005],[-79.741391766,-5.971021563]]]}},{"type":"Feature","properties":{"categoria":"LOTE","id_lote":"E - 17","mz":"E","area_calc":59.85},"geometry":{"type":"Polygon","coordinates":[[[-79.74135883,-5.971065444],[-79.741327132,-5.971109047],[-79.741253831,-5.971055413],[-79.741286107,-5.971012006],[-79.74135883,-5.971065444]]]}},{"type":"Feature","properties":{"categoria":"LOTE","id_lote":"E - 18","mz":"E","area_calc":59.83},"geometry":{"type":"Polygon","coordinates":[[[-79.741327115,-5.971108738],[-79.741294594,-5.971152383],[-79.741222075,-5.971098639],[-79.741253618,-5.971055398],[-79.741327115,-5.971108738]]]}},{"type":"Feature","properties":{"categoria":"LOTE","id_lote":"E - 19","mz":"E","area_calc":60.62},"geometry":{"type":"Polygon","coordinates":[[[-79.74129448,-5.971152389],[-79.741261639,-5.971196471],[-79.741189259,-5.971142553],[-79.741222041,-5.971098644],[-79.74129448,-5.971152389]]]}},{"type":"Feature","properties":{"categoria":"LOTE","id_lote":"E - 20","mz":"E","area_calc":58.83},"geometry":{"type":"Polygon","coordinates":[[[-79.741261834,-5.971195868],[-79.741230154,-5.971238874],[-79.741157875,-5.97118561],[-79.741188979,-5.971142369],[-79.741261834,-5.971195868]]]}},{"type":"Feature","properties":{"categoria":"LOTE","id_lote":"E - 21","mz":"E","area_calc":60.87},"geometry":{"type":"Polygon","coordinates":[[[-79.741230233,-5.971238801],[-79.74119747,-5.971283125],[-79.741124762,-5.971229329],[-79.74115783,-5.971185277],[-79.741230233,-5.971238801]]]}},{"type":"Feature","properties":{"categoria":"LOTE","id_lote":"E - 22","mz":"E","area_calc":59.35},"geometry":{"type":"Polygon","coordinates":[[[-79.741196599,-5.971282444],[-79.741165223,-5.9713264],[-79.741092647,-5.971273032],[-79.741124603,-5.971229452],[-79.741196599,-5.971282444]]]}},{"type":"Feature","properties":{"categoria":"LOTE","id_lote":"E - 23","mz":"E","area_calc":59.57},"geometry":{"type":"Polygon","coordinates":[[[-79.741165041,-5.97132546],[-79.741133157,-5.971369913],[-79.741060689,-5.971315862],[-79.741092765,-5.971272933],[-79.741165041,-5.97132546]]]}},{"type":"Feature","properties":{"categoria":"LOTE","id_lote":"E - 24","mz":"E","area_calc":60.07},"geometry":{"type":"Polygon","coordinates":[[[-79.741132874,-5.971369897],[-79.741100741,-5.97141367],[-79.741028052,-5.971359396],[-79.741060453,-5.97131602],[-79.741132874,-5.971369897]]]}},{"type":"Feature","properties":{"categoria":"LOTE","id_lote":"E - 25","mz":"E","area_calc":59.84},"geometry":{"type":"Polygon","coordinates":[[[-79.741100097,-5.971412489],[-79.741068462,-5.971456634],[-79.740995727,-5.971403488],[-79.741028234,-5.971359502],[-79.741100097,-5.971412489]]]}},{"type":"Feature","properties":{"categoria":"LOTE","id_lote":"E - 26","mz":"E","area_calc":60.08},"geometry":{"type":"Polygon","coordinates":[[[-79.741068391,-5.971456335],[-79.74103651,-5.971500579],[-79.740963246,-5.971446698],[-79.740995642,-5.971403491],[-79.741068391,-5.971456335]]]}},{"type":"Feature","properties":{"categoria":"LOTE","id_lote":"F - 1","mz":"F","area_calc":60.12},"geometry":{"type":"Polygon","coordinates":[[[-79.741050278,-5.971220778],[-79.741017865,-5.971264177],[-79.740944746,-5.971210196],[-79.740977456,-5.97116706],[-79.741050278,-5.971220778]]]}},{"type":"Feature","properties":{"categoria":"LOTE","id_lote":"F - 2","mz":"F","area_calc":60.16},"geometry":{"type":"Polygon","coordinates":[[[-79.741082096,-5.9711768],[-79.741050131,-5.971220697],[-79.740977135,-5.971166802],[-79.741009817,-5.971123222],[-79.741082096,-5.9711768]]]}},{"type":"Feature","properties":{"categoria":"LOTE","id_lote":"F - 3","mz":"F","area_calc":58.8},"geometry":{"type":"Polygon","coordinates":[[[-79.741082318,-5.971176666],[-79.741010007,-5.97112301],[-79.741041989,-5.971080184],[-79.741114082,-5.971133807],[-79.741082318,-5.971176666]]]}},{"type":"Feature","properties":{"categoria":"LOTE","id_lote":"F - 4","mz":"F","area_calc":60.51},"geometry":{"type":"Polygon","coordinates":[[[-79.7410744,-5.971036563],[-79.74114725,-5.971089978],[-79.741114306,-5.97113385],[-79.741041764,-5.971080529],[-79.7410744,-5.971036563]]]}},{"type":"Feature","properties":{"categoria":"LOTE","id_lote":"F - 5","mz":"F","area_calc":60.1},"geometry":{"type":"Polygon","coordinates":[[[-79.741179487,-5.971046331],[-79.741147346,-5.971089902],[-79.741073938,-5.971036513],[-79.741106623,-5.970993097],[-79.741179487,-5.971046331]]]}},{"type":"Feature","properties":{"categoria":"LOTE","id_lote":"F - 6","mz":"F","area_calc":59.8},"geometry":{"type":"Polygon","coordinates":[[[-79.741211643,-5.971002809],[-79.741179388,-5.97104632],[-79.741106653,-5.970992942],[-79.741138831,-5.970949464],[-79.741211643,-5.971002809]]]}},{"type":"Feature","properties":{"categoria":"LOTE","id_lote":"F - 7","mz":"F","area_calc":59.88},"geometry":{"type":"Polygon","coordinates":[[[-79.741244116,-5.970958921],[-79.74121192,-5.97100282],[-79.741138789,-5.97094903],[-79.741171274,-5.970906128],[-79.741244116,-5.970958921]]]}},{"type":"Feature","properties":{"categoria":"LOTE","id_lote":"F - 8","mz":"F","area_calc":59.3},"geometry":{"type":"Polygon","coordinates":[[[-79.741275972,-5.970915771],[-79.74124401,-5.970958959],[-79.741171311,-5.970906233],[-79.741203868,-5.970862741],[-79.741275972,-5.970915771]]]}},{"type":"Feature","properties":{"categoria":"LOTE","id_lote":"F - 9","mz":"F","area_calc":84.82},"geometry":{"type":"Polygon","coordinates":[[[-79.741244001,-5.970808202],[-79.741328247,-5.97084513],[-79.741308149,-5.970871898],[-79.741276126,-5.970915481],[-79.741204075,-5.970862417],[-79.741236206,-5.970818823],[-79.741244001,-5.970808202]]]}},{"type":"Feature","properties":{"categoria":"LOTE","id_lote":"F - 10","mz":"F","area_calc":63.43},"geometry":{"type":"Polygon","coordinates":[[[-79.741243922,-5.970808298],[-79.741236088,-5.970818887],[-79.741203356,-5.970861954],[-79.741130673,-5.970808589],[-79.741158952,-5.970770647],[-79.741243922,-5.970808298]]]}},{"type":"Feature","properties":{"categoria":"LOTE","id_lote":"F - 11","mz":"F","area_calc":60.51},"geometry":{"type":"Polygon","coordinates":[[[-79.741203776,-5.970862267],[-79.741171374,-5.970906231],[-79.741098169,-5.97085201],[-79.741130478,-5.970808661],[-79.741203776,-5.970862267]]]}},{"type":"Feature","properties":{"categoria":"LOTE","id_lote":"F - 12","mz":"F","area_calc":60.12},"geometry":{"type":"Polygon","coordinates":[[[-79.741171321,-5.970906409],[-79.741138906,-5.970949413],[-79.741066042,-5.97089592],[-79.741098144,-5.970852053],[-79.741171321,-5.970906409]]]}},{"type":"Feature","properties":{"categoria":"LOTE","id_lote":"F - 13","mz":"F","area_calc":59.91},"geometry":{"type":"Polygon","coordinates":[[[-79.741138696,-5.970949442],[-79.741106457,-5.970992946],[-79.741033566,-5.970939415],[-79.741066174,-5.970896002],[-79.741138696,-5.970949442]]]}},{"type":"Feature","properties":{"categoria":"LOTE","id_lote":"F - 14","mz":"F","area_calc":60.19},"geometry":{"type":"Polygon","coordinates":[[[-79.741106733,-5.970993458],[-79.741074141,-5.97103674],[-79.741001335,-5.970983121],[-79.741033397,-5.970939444],[-79.741106733,-5.970993458]]]}},{"type":"Feature","properties":{"categoria":"LOTE","id_lote":"F - 15","mz":"F","area_calc":60.49},"geometry":{"type":"Polygon","coordinates":[[[-79.741074034,-5.971036421],[-79.741041684,-5.97108066],[-79.740969014,-5.971026868],[-79.741001493,-5.970982909],[-79.741074034,-5.971036421]]]}},{"type":"Feature","properties":{"categoria":"LOTE","id_lote":"F - 16","mz":"F","area_calc":59.28},"geometry":{"type":"Polygon","coordinates":[[[-79.741041817,-5.971080439],[-79.741009752,-5.971123313],[-79.740937173,-5.971069961],[-79.740968974,-5.971026685],[-79.741041817,-5.971080439]]]}},{"type":"Feature","properties":{"categoria":"LOTE","id_lote":"F - 17","mz":"F","area_calc":60.01},"geometry":{"type":"Polygon","coordinates":[[[-79.741009699,-5.971123258],[-79.740977324,-5.971167236],[-79.740904769,-5.971113585],[-79.740936861,-5.971070073],[-79.741009699,-5.971123258]]]}},{"type":"Feature","properties":{"categoria":"LOTE","id_lote":"F - 18","mz":"F","area_calc":59.87},"geometry":{"type":"Polygon","coordinates":[[[-79.740977192,-5.971166911],[-79.740944574,-5.971210235],[-79.740872149,-5.971157364],[-79.740904573,-5.97111348],[-79.740977192,-5.971166911]]]}},{"type":"Feature","properties":{"categoria":"LOTE","id_lote":"G - 1","mz":"G","area_calc":60.29},"geometry":{"type":"Polygon","coordinates":[[[-79.740819507,-5.971119079],[-79.740746975,-5.971065166],[-79.740779746,-5.971021535],[-79.740851853,-5.971074742],[-79.740819507,-5.971119079]]]}},{"type":"Feature","properties":{"categoria":"LOTE","id_lote":"G - 2","mz":"G","area_calc":59.58},"geometry":{"type":"Polygon","coordinates":[[[-79.740884281,-5.97103107],[-79.740852185,-5.971074619],[-79.740779529,-5.971021328],[-79.740811645,-5.970977927],[-79.740884281,-5.97103107]]]}},{"type":"Feature","properties":{"categoria":"LOTE","id_lote":"G - 3","mz":"G","area_calc":59.23},"geometry":{"type":"Polygon","coordinates":[[[-79.740811711,-5.970977731],[-79.740843657,-5.970934711],[-79.740916337,-5.970987865],[-79.740884321,-5.971031137],[-79.740811711,-5.970977731]]]}},{"type":"Feature","properties":{"categoria":"LOTE","id_lote":"G - 4","mz":"G","area_calc":60.1},"geometry":{"type":"Polygon","coordinates":[[[-79.740948859,-5.970944061],[-79.740916478,-5.970988147],[-79.740843856,-5.970934389],[-79.740876184,-5.970890923],[-79.740948859,-5.970944061]]]}},{"type":"Feature","properties":{"categoria":"LOTE","id_lote":"G - 5","mz":"G","area_calc":59.5},"geometry":{"type":"Polygon","coordinates":[[[-79.740980959,-5.97090061],[-79.740948762,-5.970944182],[-79.740876222,-5.970891011],[-79.740908317,-5.970847667],[-79.740980959,-5.97090061]]]}},{"type":"Feature","properties":{"categoria":"LOTE","id_lote":"G - 6","mz":"G","area_calc":59.63},"geometry":{"type":"Polygon","coordinates":[[[-79.74101313,-5.970856723],[-79.74098132,-5.970900425],[-79.740908098,-5.97084728],[-79.740940869,-5.970804031],[-79.74101313,-5.970856723]]]}},{"type":"Feature","properties":{"categoria":"LOTE","id_lote":"G - 7","mz":"G","area_calc":59.89},"geometry":{"type":"Polygon","coordinates":[[[-79.741045889,-5.970813723],[-79.74101306,-5.970857323],[-79.740940614,-5.970804318],[-79.740972981,-5.970760798],[-79.741045889,-5.970813723]]]}},{"type":"Feature","properties":{"categoria":"LOTE","id_lote":"G - 8","mz":"G","area_calc":85.78},"geometry":{"type":"Polygon","coordinates":[[[-79.741045776,-5.970813909],[-79.740972927,-5.970760754],[-79.741004884,-5.970717174],[-79.741013799,-5.970706456],[-79.741097741,-5.970743362],[-79.741045776,-5.970813909]]]}},{"type":"Feature","properties":{"categoria":"LOTE","id_lote":"G - 9","mz":"G","area_calc":64.33},"geometry":{"type":"Polygon","coordinates":[[[-79.740973252,-5.970760611],[-79.740899955,-5.970706875],[-79.740928244,-5.970668378],[-79.741013684,-5.970706433],[-79.740973252,-5.970760611]]]}},{"type":"Feature","properties":{"categoria":"LOTE","id_lote":"G - 10","mz":"G","area_calc":60.35},"geometry":{"type":"Polygon","coordinates":[[[-79.740973246,-5.970760815],[-79.740940933,-5.970804355],[-79.740867639,-5.970750492],[-79.740899915,-5.970706986],[-79.740973246,-5.970760815]]]}},{"type":"Feature","properties":{"categoria":"LOTE","id_lote":"G - 11","mz":"G","area_calc":59.77},"geometry":{"type":"Polygon","coordinates":[[[-79.740940694,-5.970804502],[-79.740908516,-5.970847553],[-79.740835545,-5.970794211],[-79.740867691,-5.970750691],[-79.740940694,-5.970804502]]]}},{"type":"Feature","properties":{"categoria":"LOTE","id_lote":"G - 12","mz":"G","area_calc":59.51},"geometry":{"type":"Polygon","coordinates":[[[-79.740908308,-5.970847644],[-79.740876195,-5.970890989],[-79.740803278,-5.970837265],[-79.740835371,-5.970794387],[-79.740908308,-5.970847644]]]}},{"type":"Feature","properties":{"categoria":"LOTE","id_lote":"G - 13","mz":"G","area_calc":60.45},"geometry":{"type":"Polygon","coordinates":[[[-79.740876131,-5.970891194],[-79.740843783,-5.970934883],[-79.740770797,-5.97088103],[-79.740803259,-5.970837213],[-79.740876131,-5.970891194]]]}},{"type":"Feature","properties":{"categoria":"LOTE","id_lote":"G - 14","mz":"G","area_calc":59.81},"geometry":{"type":"Polygon","coordinates":[[[-79.740738391,-5.970924253],[-79.740770818,-5.970880941],[-79.740843649,-5.970934482],[-79.740811711,-5.970977742],[-79.740738391,-5.970924253]]]}},{"type":"Feature","properties":{"categoria":"LOTE","id_lote":"G - 15","mz":"G","area_calc":60.1},"geometry":{"type":"Polygon","coordinates":[[[-79.740811667,-5.970978064],[-79.740779623,-5.971021422],[-79.740706103,-5.970967949],[-79.740738278,-5.970924452],[-79.740811667,-5.970978064]]]}},{"type":"Feature","properties":{"categoria":"LOTE","id_lote":"G - 16","mz":"G","area_calc":60.28},"geometry":{"type":"Polygon","coordinates":[[[-79.740779528,-5.971021622],[-79.740746944,-5.97106485],[-79.74067366,-5.971012031],[-79.740706222,-5.970968149],[-79.740779528,-5.971021622]]]}},{"type":"Feature","properties":{"categoria":"LOTE","id_lote":"H - 1","mz":"H","area_calc":64.4},"geometry":{"type":"Polygon","coordinates":[[[-79.740535253,-5.971089181],[-79.74045962,-5.971033295],[-79.740488048,-5.970986572],[-79.740567747,-5.971045457],[-79.740535253,-5.971089181]]]}},{"type":"Feature","properties":{"categoria":"LOTE","id_lote":"H - 2","mz":"H","area_calc":66.93},"geometry":{"type":"Polygon","coordinates":[[[-79.740567705,-5.971045526],[-79.740487894,-5.970986326],[-79.74051591,-5.970940675],[-79.740599856,-5.97100188],[-79.740567705,-5.971045526]]]}},{"type":"Feature","properties":{"categoria":"LOTE","id_lote":"H - 3","mz":"H","area_calc":71.01},"geometry":{"type":"Polygon","coordinates":[[[-79.740515895,-5.970940314],[-79.740544335,-5.970893789],[-79.740632157,-5.970958217],[-79.740599796,-5.971002107],[-79.740515895,-5.970940314]]]}},{"type":"Feature","properties":{"categoria":"LOTE","id_lote":"H - 4","mz":"H","area_calc":73.88},"geometry":{"type":"Polygon","coordinates":[[[-79.740664503,-5.970915386],[-79.740632223,-5.970958435],[-79.740544171,-5.970893622],[-79.740572291,-5.970847287],[-79.740664503,-5.970915386]]]}},{"type":"Feature","properties":{"categoria":"LOTE","id_lote":"H - 5","mz":"H","area_calc":78.13},"geometry":{"type":"Polygon","coordinates":[[[-79.740572372,-5.970847138],[-79.740599016,-5.970799924],[-79.740696744,-5.970871478],[-79.7406645,-5.970915367],[-79.740572372,-5.970847138]]]}},{"type":"Feature","properties":{"categoria":"LOTE","id_lote":"H - 6","mz":"H","area_calc":82.71},"geometry":{"type":"Polygon","coordinates":[[[-79.7405992,-5.970799872],[-79.740626288,-5.97075233],[-79.740729077,-5.970827816],[-79.740696792,-5.970871532],[-79.7405992,-5.970799872]]]}},{"type":"Feature","properties":{"categoria":"LOTE","id_lote":"H - 7","mz":"H","area_calc":87.06},"geometry":{"type":"Polygon","coordinates":[[[-79.740626243,-5.970752114],[-79.740653246,-5.970704889],[-79.740761676,-5.970784441],[-79.740728995,-5.970827992],[-79.740626243,-5.970752114]]]}},{"type":"Feature","properties":{"categoria":"LOTE","id_lote":"H - 8","mz":"H","area_calc":91.07},"geometry":{"type":"Polygon","coordinates":[[[-79.740653432,-5.970704664],[-79.740680356,-5.970657667],[-79.740793821,-5.970740558],[-79.740761483,-5.970784388],[-79.740653432,-5.970704664]]]}},{"type":"Feature","properties":{"categoria":"LOTE","id_lote":"H - 9","mz":"H","area_calc":59.81},"geometry":{"type":"Polygon","coordinates":[[[-79.740720717,-5.970687187],[-79.740753033,-5.97064434],[-79.740826174,-5.970697385],[-79.740793739,-5.970740929],[-79.740720717,-5.970687187]]]}},{"type":"Feature","properties":{"categoria":"LOTE","id_lote":"H - 10","mz":"H","area_calc":66.04},"geometry":{"type":"Polygon","coordinates":[[[-79.740752734,-5.970644208],[-79.740782087,-5.970604042],[-79.740867435,-5.970641823],[-79.740826351,-5.97069718],[-79.740752734,-5.970644208]]]}},{"type":"Feature","properties":{"categoria":"LOTE","id_lote":"H - 11","mz":"H","area_calc":66.65},"geometry":{"type":"Polygon","coordinates":[[[-79.740720545,-5.970687214],[-79.740680174,-5.970657841],[-79.740724615,-5.970578287],[-79.740782142,-5.970604033],[-79.740720545,-5.970687214]]]}},{"type":"Feature","properties":{"categoria":"LOTE","id_lote":"I - 1","mz":"I","area_calc":60.26},"geometry":{"type":"Polygon","coordinates":[[[-79.74080198,-5.970542006],[-79.740751975,-5.970519116],[-79.740788884,-5.970437079],[-79.740838261,-5.9704587],[-79.74080198,-5.970542006]]]}},{"type":"Feature","properties":{"categoria":"LOTE","id_lote":"I - 2","mz":"I","area_calc":60.36},"geometry":{"type":"Polygon","coordinates":[[[-79.740851514,-5.970563476],[-79.740801771,-5.970541904],[-79.74083841,-5.970458726],[-79.740888311,-5.970481225],[-79.740851514,-5.970563476]]]}},{"type":"Feature","properties":{"categoria":"LOTE","id_lote":"I - 3","mz":"I","area_calc":60.86},"geometry":{"type":"Polygon","coordinates":[[[-79.740901004,-5.970585829],[-79.740851298,-5.970563224],[-79.740888175,-5.970480928],[-79.740938683,-5.970502779],[-79.740901004,-5.970585829]]]}},{"type":"Feature","properties":{"categoria":"LOTE","id_lote":"I - 4","mz":"I","area_calc":60.17},"geometry":{"type":"Polygon","coordinates":[[[-79.740951109,-5.970607464],[-79.740901152,-5.970585914],[-79.740938677,-5.970502823],[-79.74098785,-5.970525003],[-79.740951109,-5.970607464]]]}},{"type":"Feature","properties":{"categoria":"LOTE","id_lote":"I - 5","mz":"I","area_calc":60.22},"geometry":{"type":"Polygon","coordinates":[[[-79.741037939,-5.970547222],[-79.741000303,-5.970629781],[-79.740951299,-5.970607464],[-79.740987852,-5.970524882],[-79.741037939,-5.970547222]]]}},{"type":"Feature","properties":{"categoria":"LOTE","id_lote":"I - 6","mz":"I","area_calc":59.88},"geometry":{"type":"Polygon","coordinates":[[[-79.741050267,-5.970651476],[-79.74100027,-5.970629831],[-79.741037807,-5.970547338],[-79.741086987,-5.970569528],[-79.741050267,-5.970651476]]]}},{"type":"Feature","properties":{"categoria":"LOTE","id_lote":"I - 7","mz":"I","area_calc":60.13},"geometry":{"type":"Polygon","coordinates":[[[-79.741099111,-5.970673594],[-79.741050293,-5.970651562],[-79.741086943,-5.970569286],[-79.741137352,-5.970590602],[-79.741099111,-5.970673594]]]}},{"type":"Feature","properties":{"categoria":"LOTE","id_lote":"I - 8","mz":"I","area_calc":60.54},"geometry":{"type":"Polygon","coordinates":[[[-79.741137234,-5.970590629],[-79.741186435,-5.97061326],[-79.741149681,-5.970695457],[-79.741099263,-5.970673732],[-79.741137234,-5.970590629]]]}},{"type":"Feature","properties":{"categoria":"LOTE","id_lote":"I - 9","mz":"I","area_calc":60.22},"geometry":{"type":"Polygon","coordinates":[[[-79.741198994,-5.970717648],[-79.741149573,-5.970695907],[-79.741186068,-5.970613321],[-79.741236341,-5.970635162],[-79.741198994,-5.970717648]]]}},{"type":"Feature","properties":{"categoria":"LOTE","id_lote":"I - 10","mz":"I","area_calc":60.09},"geometry":{"type":"Polygon","coordinates":[[[-79.741248661,-5.970739684],[-79.741198915,-5.970717679],[-79.741236153,-5.970635198],[-79.741285631,-5.970657213],[-79.741248661,-5.970739684]]]}},{"type":"Feature","properties":{"categoria":"LOTE","id_lote":"I - 11","mz":"I","area_calc":60.53},"geometry":{"type":"Polygon","coordinates":[[[-79.741298554,-5.970761742],[-79.741248736,-5.970739674],[-79.741285822,-5.970656926],[-79.741335686,-5.97067881],[-79.741298554,-5.970761742]]]}},{"type":"Feature","properties":{"categoria":"LOTE","id_lote":"I - 12","mz":"I","area_calc":60.21},"geometry":{"type":"Polygon","coordinates":[[[-79.741348109,-5.970783831],[-79.741298508,-5.970761602],[-79.74133583,-5.970679037],[-79.741385254,-5.970700897],[-79.741348109,-5.970783831]]]}},{"type":"Feature","properties":{"categoria":"LOTE","id_lote":"I - 13","mz":"I","area_calc":66.26},"geometry":{"type":"Polygon","coordinates":[[[-79.741392314,-5.970806984],[-79.741375161,-5.970795257],[-79.741348135,-5.97078381],[-79.741385322,-5.970701027],[-79.741414317,-5.970713331],[-79.741445801,-5.970735658],[-79.741392314,-5.970806984]]]}},{"type":"Feature","properties":{"categoria":"LOTE","id_lote":"I - 14","mz":"I","area_calc":59.63},"geometry":{"type":"Polygon","coordinates":[[[-79.741436752,-5.970839496],[-79.741392318,-5.970806963],[-79.741446004,-5.970735796],[-79.741489752,-5.970767816],[-79.741436752,-5.970839496]]]}},{"type":"Feature","properties":{"categoria":"LOTE","id_lote":"I - 15","mz":"I","area_calc":59.09},"geometry":{"type":"Polygon","coordinates":[[[-79.741480292,-5.970871416],[-79.741436726,-5.970839368],[-79.741489394,-5.970767695],[-79.741533289,-5.970799504],[-79.741480292,-5.970871416]]]}},{"type":"Feature","properties":{"categoria":"LOTE","id_lote":"I - 16","mz":"I","area_calc":59.96},"geometry":{"type":"Polygon","coordinates":[[[-79.741524012,-5.970903364],[-79.741480431,-5.97087148],[-79.741533002,-5.970799346],[-79.741578073,-5.970831267],[-79.741524012,-5.970903364]]]}},{"type":"Feature","properties":{"categoria":"LOTE","id_lote":"I - 17","mz":"I","area_calc":59.61},"geometry":{"type":"Polygon","coordinates":[[[-79.741568038,-5.970935849],[-79.741523875,-5.970903368],[-79.741577894,-5.970831516],[-79.741621005,-5.970863273],[-79.741568038,-5.970935849]]]}},{"type":"Feature","properties":{"categoria":"CONSTRUCCION","id_lote":"A - 1","area_calc":27.28},"geometry":{"type":"Polygon","coordinates":[[[-79.740002687,-5.971807391],[-79.739968915,-5.971782012],[-79.740001609,-5.971739418],[-79.740034183,-5.971763916],[-79.740002687,-5.971807391]]]}},{"type":"Feature","properties":{"categoria":"CONSTRUCCION","id_lote":"A - 2","area_calc":27.2},"geometry":{"type":"Polygon","coordinates":[[[-79.739953792,-5.971755406],[-79.739909314,-5.971723193],[-79.739934022,-5.971690633],[-79.739977677,-5.971722373],[-79.739953792,-5.971755406]]]}},{"type":"Feature","properties":{"categoria":"CONSTRUCCION","id_lote":"A - 3","area_calc":27.31},"geometry":{"type":"Polygon","coordinates":[[[-79.73999528,-5.971734831],[-79.739961336,-5.971710248],[-79.739993764,-5.971667171],[-79.740026842,-5.971691155],[-79.73999528,-5.971734831]]]}},{"type":"Feature","properties":{"categoria":"CONSTRUCCION","id_lote":"A - 4","area_calc":27.03},"geometry":{"type":"Polygon","coordinates":[[[-79.74006555,-5.971652842],[-79.740098712,-5.971677223],[-79.740067428,-5.971720261],[-79.740033737,-5.971695968],[-79.74006555,-5.971652842]]]}},{"type":"Feature","properties":{"categoria":"CONSTRUCCION","id_lote":"A - 5","area_calc":27.24},"geometry":{"type":"Polygon","coordinates":[[[-79.740059685,-5.971647383],[-79.740026232,-5.971622997],[-79.740058634,-5.971579587],[-79.740091573,-5.971603777],[-79.740059685,-5.971647383]]]}},{"type":"Feature","properties":{"categoria":"CONSTRUCCION","id_lote":"A - 6","area_calc":27.47},"geometry":{"type":"Polygon","coordinates":[[[-79.740131698,-5.971633363],[-79.740098197,-5.971608766],[-79.740129968,-5.971565412],[-79.740163756,-5.971589869],[-79.740131698,-5.971633363]]]}},{"type":"Feature","properties":{"categoria":"CONSTRUCCION","id_lote":"A - 7","area_calc":27.18},"geometry":{"type":"Polygon","coordinates":[[[-79.740123884,-5.971560196],[-79.740090893,-5.971536242],[-79.740122702,-5.971492533],[-79.740156173,-5.971517031],[-79.740123884,-5.971560196]]]}},{"type":"Feature","properties":{"categoria":"CONSTRUCCION","id_lote":"A - 8","area_calc":27.62},"geometry":{"type":"Polygon","coordinates":[[[-79.740196334,-5.971546071],[-79.740162747,-5.971521965],[-79.740194557,-5.971478226],[-79.740228744,-5.97150285],[-79.740196334,-5.971546071]]]}},{"type":"Feature","properties":{"categoria":"CONSTRUCCION","id_lote":"A - 10","area_calc":27.03},"geometry":{"type":"Polygon","coordinates":[[[-79.740218496,-5.971427927],[-79.740185557,-5.971403623],[-79.74021719,-5.971360414],[-79.740250595,-5.971384647],[-79.740218496,-5.971427927]]]}},{"type":"Feature","properties":{"categoria":"CONSTRUCCION","id_lote":"A - 11","area_calc":27.75},"geometry":{"type":"Polygon","coordinates":[[[-79.740293334,-5.97141591],[-79.740259627,-5.971391239],[-79.740291345,-5.971347473],[-79.740325315,-5.971372287],[-79.740293334,-5.97141591]]]}},{"type":"Feature","properties":{"categoria":"CONSTRUCCION","id_lote":"A - 12","area_calc":26.55},"geometry":{"type":"Polygon","coordinates":[[[-79.740285673,-5.971342443],[-79.740252595,-5.971318761],[-79.740284732,-5.971275623],[-79.740317233,-5.971299212],[-79.740285673,-5.971342443]]]}},{"type":"Feature","properties":{"categoria":"CONSTRUCCION","id_lote":"A - 13","area_calc":27.81},"geometry":{"type":"Polygon","coordinates":[[[-79.740357541,-5.971328974],[-79.740323827,-5.971304146],[-79.740356023,-5.97126054],[-79.740389787,-5.971285141],[-79.740357541,-5.971328974]]]}},{"type":"Feature","properties":{"categoria":"CONSTRUCCION","id_lote":"A - 14","area_calc":27.08},"geometry":{"type":"Polygon","coordinates":[[[-79.740350244,-5.971255551],[-79.740316993,-5.971231793],[-79.740349316,-5.97118799],[-79.740382206,-5.971212242],[-79.740350244,-5.971255551]]]}},{"type":"Feature","properties":{"categoria":"CONSTRUCCION","id_lote":"A - 15","area_calc":27.46},"geometry":{"type":"Polygon","coordinates":[[[-79.740388806,-5.971216948],[-79.740420765,-5.971173318],[-79.74045405,-5.971198139],[-79.740422468,-5.971241587],[-79.740388806,-5.971216948]]]}},{"type":"Feature","properties":{"categoria":"CONSTRUCCION","id_lote":"B - 1","area_calc":27.96},"geometry":{"type":"Polygon","coordinates":[[[-79.740173724,-5.971906731],[-79.740135213,-5.971889169],[-79.740170709,-5.971841548],[-79.740204226,-5.97186599],[-79.740173724,-5.971906731]]]}},{"type":"Feature","properties":{"categoria":"CONSTRUCCION","id_lote":"B - 2","area_calc":27.42},"geometry":{"type":"Polygon","coordinates":[[[-79.740204222,-5.971865608],[-79.740170719,-5.971841184],[-79.740202901,-5.971798105],[-79.740236704,-5.971822386],[-79.740204222,-5.971865608]]]}},{"type":"Feature","properties":{"categoria":"CONSTRUCCION","id_lote":"B - 3","area_calc":27.57},"geometry":{"type":"Polygon","coordinates":[[[-79.740242587,-5.971826681],[-79.74027468,-5.97178293],[-79.740308289,-5.971807707],[-79.740275615,-5.971851211],[-79.740242587,-5.971826681]]]}},{"type":"Feature","properties":{"categoria":"CONSTRUCCION","id_lote":"B - 4","area_calc":27.04},"geometry":{"type":"Polygon","coordinates":[[[-79.740268812,-5.971778454],[-79.740235635,-5.971754197],[-79.740267283,-5.971711329],[-79.740301029,-5.971735772],[-79.740268812,-5.971778454]]]}},{"type":"Feature","properties":{"categoria":"CONSTRUCCION","id_lote":"B - 5","area_calc":27.31},"geometry":{"type":"Polygon","coordinates":[[[-79.740307245,-5.971739594],[-79.740339249,-5.971696135],[-79.740372453,-5.971720367],[-79.740340192,-5.971764265],[-79.740307245,-5.971739594]]]}},{"type":"Feature","properties":{"categoria":"CONSTRUCCION","id_lote":"B - 6","area_calc":27.23},"geometry":{"type":"Polygon","coordinates":[[[-79.740333247,-5.971691545],[-79.740300025,-5.971667225],[-79.740332147,-5.971624345],[-79.740365918,-5.971648962],[-79.740333247,-5.971691545]]]}},{"type":"Feature","properties":{"categoria":"CONSTRUCCION","id_lote":"B - 7","area_calc":27.16},"geometry":{"type":"Polygon","coordinates":[[[-79.740371762,-5.971652437],[-79.740403864,-5.971609821],[-79.740437221,-5.971634],[-79.740404485,-5.97167742],[-79.740371762,-5.971652437]]]}},{"type":"Feature","properties":{"categoria":"CONSTRUCCION","id_lote":"B - 8","area_calc":27.09},"geometry":{"type":"Polygon","coordinates":[[[-79.740397913,-5.97160472],[-79.740364642,-5.971580475],[-79.74039659,-5.971537047],[-79.740429666,-5.971561109],[-79.740397913,-5.97160472]]]}},{"type":"Feature","properties":{"categoria":"CONSTRUCCION","id_lote":"B - 9","area_calc":27.05},"geometry":{"type":"Polygon","coordinates":[[[-79.740436325,-5.971565595],[-79.740468409,-5.971522257],[-79.740501268,-5.971546508],[-79.740469415,-5.971589994],[-79.740436325,-5.971565595]]]}},{"type":"Feature","properties":{"categoria":"CONSTRUCCION","id_lote":"B - 10","area_calc":26.95},"geometry":{"type":"Polygon","coordinates":[[[-79.740462543,-5.971517353],[-79.740429432,-5.97149289],[-79.740461408,-5.971449986],[-79.740494473,-5.971474465],[-79.740462543,-5.971517353]]]}},{"type":"Feature","properties":{"categoria":"CONSTRUCCION","id_lote":"B - 11","area_calc":27.81},"geometry":{"type":"Polygon","coordinates":[[[-79.740534318,-5.971503331],[-79.7405008,-5.971478659],[-79.740533161,-5.971434844],[-79.74056682,-5.971459634],[-79.740534318,-5.971503331]]]}},{"type":"Feature","properties":{"categoria":"CONSTRUCCION","id_lote":"B - 12","area_calc":27.73},"geometry":{"type":"Polygon","coordinates":[[[-79.740461452,-5.971449623],[-79.74042766,-5.971424888],[-79.740460229,-5.971381309],[-79.740493628,-5.971406043],[-79.740461452,-5.971449623]]]}},{"type":"Feature","properties":{"categoria":"CONSTRUCCION","id_lote":"B - 13","area_calc":26.78},"geometry":{"type":"Polygon","coordinates":[[[-79.74038931,-5.971463785],[-79.74035625,-5.971439645],[-79.740388172,-5.971396566],[-79.740421015,-5.971420546],[-79.74038931,-5.971463785]]]}},{"type":"Feature","properties":{"categoria":"CONSTRUCCION","id_lote":"B - 14","area_calc":27.73},"geometry":{"type":"Polygon","coordinates":[[[-79.74039677,-5.971536798],[-79.740363342,-5.971511721],[-79.740395574,-5.971468316],[-79.740429177,-5.97149324],[-79.74039677,-5.971536798]]]}},{"type":"Feature","properties":{"categoria":"CONSTRUCCION","id_lote":"B - 15","area_calc":27.67},"geometry":{"type":"Polygon","coordinates":[[[-79.740324741,-5.971551274],[-79.740291063,-5.971526948],[-79.740323803,-5.971482845],[-79.740356848,-5.971507352],[-79.740324741,-5.971551274]]]}},{"type":"Feature","properties":{"categoria":"CONSTRUCCION","id_lote":"B - 16","area_calc":27.86},"geometry":{"type":"Polygon","coordinates":[[[-79.740331968,-5.971624082],[-79.740298529,-5.971599426],[-79.740330954,-5.971555462],[-79.740364577,-5.971580371],[-79.740331968,-5.971624082]]]}},{"type":"Feature","properties":{"categoria":"CONSTRUCCION","id_lote":"B - 17","area_calc":26.93},"geometry":{"type":"Polygon","coordinates":[[[-79.74026008,-5.971637671],[-79.740227211,-5.971613634],[-79.7402591,-5.971570218],[-79.740292157,-5.971594653],[-79.74026008,-5.971637671]]]}},{"type":"Feature","properties":{"categoria":"CONSTRUCCION","id_lote":"B - 18","area_calc":27.97},"geometry":{"type":"Polygon","coordinates":[[[-79.74026764,-5.97171118],[-79.740233719,-5.97168635],[-79.740266267,-5.971642479],[-79.740299859,-5.971667489],[-79.74026764,-5.97171118]]]}},{"type":"Feature","properties":{"categoria":"CONSTRUCCION","id_lote":"B - 19","area_calc":26.89},"geometry":{"type":"Polygon","coordinates":[[[-79.740195517,-5.971724771],[-79.740162704,-5.971700824],[-79.740194526,-5.971657285],[-79.740227512,-5.971681913],[-79.740195517,-5.971724771]]]}},{"type":"Feature","properties":{"categoria":"CONSTRUCCION","id_lote":"B - 20","area_calc":28.03},"geometry":{"type":"Polygon","coordinates":[[[-79.740202851,-5.971798511],[-79.740169245,-5.971773394],[-79.740202091,-5.971729459],[-79.740235338,-5.971754182],[-79.740202851,-5.971798511]]]}},{"type":"Feature","properties":{"categoria":"CONSTRUCCION","id_lote":"B - 21","area_calc":27.54},"geometry":{"type":"Polygon","coordinates":[[[-79.740131154,-5.971812427],[-79.740097433,-5.97178832],[-79.740130168,-5.971744285],[-79.740163158,-5.971768356],[-79.740131154,-5.971812427]]]}},{"type":"Feature","properties":{"categoria":"CONSTRUCCION","id_lote":"B - 22","area_calc":27.71},"geometry":{"type":"Polygon","coordinates":[[[-79.740138182,-5.971884973],[-79.74010464,-5.971860154],[-79.740136964,-5.971816536],[-79.740170461,-5.971841396],[-79.740138182,-5.971884973]]]}},{"type":"Feature","properties":{"categoria":"CONSTRUCCION","id_lote":"C - 1","area_calc":27.44},"geometry":{"type":"Polygon","coordinates":[[[-79.74040284,-5.972011444],[-79.740369301,-5.97198644],[-79.740401535,-5.971943359],[-79.740434797,-5.97196817],[-79.74040284,-5.972011444]]]}},{"type":"Feature","properties":{"categoria":"CONSTRUCCION","id_lote":"C - 2","area_calc":27.93},"geometry":{"type":"Polygon","coordinates":[[[-79.740440466,-5.971972493],[-79.74047335,-5.971928698],[-79.740506769,-5.971953307],[-79.740474105,-5.971997289],[-79.740440466,-5.971972493]]]}},{"type":"Feature","properties":{"categoria":"CONSTRUCCION","id_lote":"C - 3","area_calc":27.32},"geometry":{"type":"Polygon","coordinates":[[[-79.740466972,-5.971924349],[-79.74043366,-5.971899693],[-79.740465818,-5.971856463],[-79.740499087,-5.971881068],[-79.740466972,-5.971924349]]]}},{"type":"Feature","properties":{"categoria":"CONSTRUCCION","id_lote":"C - 4","area_calc":27.71},"geometry":{"type":"Polygon","coordinates":[[[-79.740538817,-5.971910246],[-79.740505356,-5.971885452],[-79.74053767,-5.97184167],[-79.740571048,-5.971866451],[-79.740538817,-5.971910246]]]}},{"type":"Feature","properties":{"categoria":"CONSTRUCCION","id_lote":"C - 5","area_calc":27.54},"geometry":{"type":"Polygon","coordinates":[[[-79.740531679,-5.971837421],[-79.740498168,-5.971812808],[-79.740530354,-5.971769374],[-79.740563917,-5.971793801],[-79.740531679,-5.971837421]]]}},{"type":"Feature","properties":{"categoria":"CONSTRUCCION","id_lote":"C - 6","area_calc":27.72},"geometry":{"type":"Polygon","coordinates":[[[-79.740603216,-5.971823438],[-79.740569937,-5.971798479],[-79.740602273,-5.971754669],[-79.74063552,-5.971779285],[-79.740603216,-5.971823438]]]}},{"type":"Feature","properties":{"categoria":"CONSTRUCCION","id_lote":"C - 7","area_calc":27.65},"geometry":{"type":"Polygon","coordinates":[[[-79.740596043,-5.971750328],[-79.740562754,-5.971725717],[-79.740595281,-5.971681931],[-79.740628574,-5.971706393],[-79.740596043,-5.971750328]]]}},{"type":"Feature","properties":{"categoria":"CONSTRUCCION","id_lote":"C - 8","area_calc":27.7},"geometry":{"type":"Polygon","coordinates":[[[-79.740667818,-5.9717358],[-79.740634486,-5.971711225],[-79.740666908,-5.971667442],[-79.740700425,-5.971691812],[-79.740667818,-5.9717358]]]}},{"type":"Feature","properties":{"categoria":"CONSTRUCCION","id_lote":"C - 9","area_calc":27.6},"geometry":{"type":"Polygon","coordinates":[[[-79.740660804,-5.971663403],[-79.740627311,-5.97163849],[-79.740659644,-5.97159518],[-79.740693081,-5.971619743],[-79.740660804,-5.971663403]]]}},{"type":"Feature","properties":{"categoria":"CONSTRUCCION","id_lote":"C - 10","area_calc":27.55},"geometry":{"type":"Polygon","coordinates":[[[-79.740693275,-5.971619521],[-79.740659833,-5.971594997],[-79.740692087,-5.97155134],[-79.740725512,-5.971576135],[-79.740693275,-5.971619521]]]}},{"type":"Feature","properties":{"categoria":"CONSTRUCCION","id_lote":"C - 11","area_calc":27.83},"geometry":{"type":"Polygon","coordinates":[[[-79.740659622,-5.971595298],[-79.74062594,-5.971570606],[-79.740658416,-5.971526696],[-79.74069187,-5.971551322],[-79.740659622,-5.971595298]]]}},{"type":"Feature","properties":{"categoria":"CONSTRUCCION","id_lote":"C - 12","area_calc":27.49},"geometry":{"type":"Polygon","coordinates":[[[-79.740587715,-5.971609759],[-79.740554244,-5.971584981],[-79.740586389,-5.971541485],[-79.740619664,-5.971566067],[-79.740587715,-5.971609759]]]}},{"type":"Feature","properties":{"categoria":"CONSTRUCCION","id_lote":"C - 13","area_calc":27.86},"geometry":{"type":"Polygon","coordinates":[[[-79.740595191,-5.97168207],[-79.740561165,-5.971657357],[-79.740593598,-5.971613669],[-79.740627266,-5.97163872],[-79.740595191,-5.97168207]]]}},{"type":"Feature","properties":{"categoria":"CONSTRUCCION","id_lote":"C - 14","area_calc":27.28},"geometry":{"type":"Polygon","coordinates":[[[-79.740523012,-5.971696477],[-79.740489673,-5.971672773],[-79.740522239,-5.971628771],[-79.740555268,-5.971653067],[-79.740523012,-5.971696477]]]}},{"type":"Feature","properties":{"categoria":"CONSTRUCCION","id_lote":"C - 15","area_calc":27.55},"geometry":{"type":"Polygon","coordinates":[[[-79.740530318,-5.971769205],[-79.74049683,-5.971744376],[-79.740529201,-5.971701258],[-79.740562751,-5.971725577],[-79.740530318,-5.971769205]]]}},{"type":"Feature","properties":{"categoria":"CONSTRUCCION","id_lote":"C - 16","area_calc":26.92},"geometry":{"type":"Polygon","coordinates":[[[-79.740458595,-5.971783547],[-79.740425478,-5.9717592],[-79.740457546,-5.971715881],[-79.740490192,-5.971740417],[-79.740458595,-5.971783547]]]}},{"type":"Feature","properties":{"categoria":"CONSTRUCCION","id_lote":"C - 17","area_calc":27.44},"geometry":{"type":"Polygon","coordinates":[[[-79.740465688,-5.971856134],[-79.740432315,-5.971831743],[-79.740464921,-5.971788024],[-79.740497909,-5.971812808],[-79.740465688,-5.971856134]]]}},{"type":"Feature","properties":{"categoria":"CONSTRUCCION","id_lote":"C - 18","area_calc":27.06},"geometry":{"type":"Polygon","coordinates":[[[-79.740394045,-5.971870489],[-79.74036069,-5.971846254],[-79.740392907,-5.971803222],[-79.740426101,-5.971827781],[-79.740394045,-5.971870489]]]}},{"type":"Feature","properties":{"categoria":"CONSTRUCCION","id_lote":"C - 19","area_calc":27.48},"geometry":{"type":"Polygon","coordinates":[[[-79.740401332,-5.971943274],[-79.740367864,-5.971918643],[-79.740399997,-5.971875332],[-79.740433581,-5.971900004],[-79.740401332,-5.971943274]]]}},{"type":"Feature","properties":{"categoria":"CONSTRUCCION","id_lote":"C - 20","area_calc":26.96},"geometry":{"type":"Polygon","coordinates":[[[-79.740329355,-5.971957657],[-79.740296141,-5.971933598],[-79.740328395,-5.971890253],[-79.740361206,-5.971914515],[-79.740329355,-5.971957657]]]}},{"type":"Feature","properties":{"categoria":"CONSTRUCCION","id_lote":"D - 1","area_calc":27.28},"geometry":{"type":"Polygon","coordinates":[[[-79.740682708,-5.972128606],[-79.740649645,-5.972103809],[-79.740681736,-5.972060798],[-79.740715095,-5.97208539],[-79.740682708,-5.972128606]]]}},{"type":"Feature","properties":{"categoria":"CONSTRUCCION","id_lote":"D - 2","area_calc":27.19},"geometry":{"type":"Polygon","coordinates":[[[-79.740675155,-5.972056033],[-79.740642271,-5.972031622],[-79.740674403,-5.971988022],[-79.740707382,-5.972012469],[-79.740675155,-5.972056033]]]}},{"type":"Feature","properties":{"categoria":"CONSTRUCCION","id_lote":"D - 3","area_calc":27.3},"geometry":{"type":"Polygon","coordinates":[[[-79.740747756,-5.972041522],[-79.740714148,-5.972016959],[-79.740746227,-5.971973804],[-79.740779596,-5.971998555],[-79.740747756,-5.972041522]]]}},{"type":"Feature","properties":{"categoria":"CONSTRUCCION","id_lote":"D - 4","area_calc":26.99},"geometry":{"type":"Polygon","coordinates":[[[-79.740739889,-5.971968779],[-79.740706964,-5.97194455],[-79.740738944,-5.971901275],[-79.740772025,-5.971925532],[-79.740739889,-5.971968779]]]}},{"type":"Feature","properties":{"categoria":"CONSTRUCCION","id_lote":"D - 5","area_calc":27.55},"geometry":{"type":"Polygon","coordinates":[[[-79.740811868,-5.971954729],[-79.740778477,-5.971930398],[-79.740810734,-5.971886478],[-79.740844094,-5.971910889],[-79.740811868,-5.971954729]]]}},{"type":"Feature","properties":{"categoria":"CONSTRUCCION","id_lote":"D - 6","area_calc":27.31},"geometry":{"type":"Polygon","coordinates":[[[-79.740804811,-5.971882022],[-79.740771423,-5.971857514],[-79.740803675,-5.971814011],[-79.740836694,-5.971838498],[-79.740804811,-5.971882022]]]}},{"type":"Feature","properties":{"categoria":"CONSTRUCCION","id_lote":"D - 7","area_calc":27.71},"geometry":{"type":"Polygon","coordinates":[[[-79.740876572,-5.971867938],[-79.740843114,-5.971842926],[-79.740875244,-5.971799314],[-79.740908716,-5.971824129],[-79.740876572,-5.971867938]]]}},{"type":"Feature","properties":{"categoria":"CONSTRUCCION","id_lote":"D - 8","area_calc":27.63},"geometry":{"type":"Polygon","coordinates":[[[-79.740869385,-5.971794807],[-79.74083555,-5.971770367],[-79.740868062,-5.971726564],[-79.74090133,-5.971751379],[-79.740869385,-5.971794807]]]}},{"type":"Feature","properties":{"categoria":"CONSTRUCCION","id_lote":"D - 9","area_calc":27.22},"geometry":{"type":"Polygon","coordinates":[[[-79.740908135,-5.971755891],[-79.740940269,-5.971712464],[-79.740973348,-5.971736716],[-79.740941403,-5.971780331],[-79.740908135,-5.971755891]]]}},{"type":"Feature","properties":{"categoria":"CONSTRUCCION","id_lote":"D - 10","area_calc":27.24},"geometry":{"type":"Polygon","coordinates":[[[-79.740934031,-5.971707576],[-79.740900574,-5.971682948],[-79.740932708,-5.971639897],[-79.740965976,-5.971664337],[-79.740934031,-5.971707576]]]}},{"type":"Feature","properties":{"categoria":"CONSTRUCCION","id_lote":"D - 11","area_calc":27.74},"geometry":{"type":"Polygon","coordinates":[[[-79.740972403,-5.971668849],[-79.741004915,-5.971625233],[-79.741038372,-5.971649861],[-79.74100586,-5.971693664],[-79.740972403,-5.971668849]]]}},{"type":"Feature","properties":{"categoria":"CONSTRUCCION","id_lote":"D - 12","area_calc":27.14},"geometry":{"type":"Polygon","coordinates":[[[-79.740998303,-5.971620157],[-79.740965218,-5.971595712],[-79.740997358,-5.971552841],[-79.741030822,-5.971577473],[-79.740998303,-5.971620157]]]}},{"type":"Feature","properties":{"categoria":"CONSTRUCCION","id_lote":"D - 13","area_calc":27.11},"geometry":{"type":"Polygon","coordinates":[[[-79.740925327,-5.971566943],[-79.74089243,-5.971542499],[-79.74092457,-5.971499063],[-79.740957467,-5.971523508],[-79.740925327,-5.971566943]]]}},{"type":"Feature","properties":{"categoria":"CONSTRUCCION","id_lote":"D - 14","area_calc":27.42},"geometry":{"type":"Polygon","coordinates":[[[-79.7409327,-5.971639524],[-79.740899425,-5.971615268],[-79.740931944,-5.971571456],[-79.740965029,-5.9715959],[-79.7409327,-5.971639524]]]}},{"type":"Feature","properties":{"categoria":"CONSTRUCCION","id_lote":"D - 15","area_calc":26.99},"geometry":{"type":"Polygon","coordinates":[[[-79.740860857,-5.971653815],[-79.740827761,-5.971629563],[-79.740859912,-5.971586311],[-79.740892808,-5.971610755],[-79.740860857,-5.971653815]]]}},{"type":"Feature","properties":{"categoria":"CONSTRUCCION","id_lote":"D - 16","area_calc":27.65},"geometry":{"type":"Polygon","coordinates":[[[-79.740868041,-5.971726959],[-79.740834578,-5.971702139],[-79.740867285,-5.971658515],[-79.740900371,-5.971683148],[-79.740868041,-5.971726959]]]}},{"type":"Feature","properties":{"categoria":"CONSTRUCCION","id_lote":"D - 17","area_calc":27.0},"geometry":{"type":"Polygon","coordinates":[[[-79.740795818,-5.971740954],[-79.740763157,-5.971716867],[-79.740795247,-5.971673273],[-79.740828155,-5.971697438],[-79.740795818,-5.971740954]]]}},{"type":"Feature","properties":{"categoria":"CONSTRUCCION","id_lote":"D - 18","area_calc":27.45},"geometry":{"type":"Polygon","coordinates":[[[-79.74080357,-5.971813942],[-79.740769938,-5.971789322],[-79.740802443,-5.971745891],[-79.740835524,-5.971770361],[-79.74080357,-5.971813942]]]}},{"type":"Feature","properties":{"categoria":"CONSTRUCCION","id_lote":"D - 19","area_calc":27.07},"geometry":{"type":"Polygon","coordinates":[[[-79.740731559,-5.97182808],[-79.740698459,-5.971804052],[-79.740730598,-5.971760577],[-79.740763707,-5.971785133],[-79.740731559,-5.97182808]]]}},{"type":"Feature","properties":{"categoria":"CONSTRUCCION","id_lote":"D - 20","area_calc":27.78},"geometry":{"type":"Polygon","coordinates":[[[-79.740738787,-5.971901299],[-79.740705282,-5.97187653],[-79.740737836,-5.97183281],[-79.740771285,-5.971857602],[-79.740738787,-5.971901299]]]}},{"type":"Feature","properties":{"categoria":"CONSTRUCCION","id_lote":"D - 21","area_calc":26.58},"geometry":{"type":"Polygon","coordinates":[[[-79.74066694,-5.971915005],[-79.740634402,-5.97189083],[-79.740666174,-5.971847809],[-79.740698814,-5.971872017],[-79.74066694,-5.971915005]]]}},{"type":"Feature","properties":{"categoria":"CONSTRUCCION","id_lote":"D - 22","area_calc":27.58},"geometry":{"type":"Polygon","coordinates":[[[-79.740674207,-5.971988274],[-79.740640718,-5.971963356],[-79.740673252,-5.97192035],[-79.740706783,-5.971944927],[-79.740674207,-5.971988274]]]}},{"type":"Feature","properties":{"categoria":"CONSTRUCCION","id_lote":"D - 23","area_calc":27.2},"geometry":{"type":"Polygon","coordinates":[[[-79.740601945,-5.972002316],[-79.740569084,-5.971978199],[-79.740601371,-5.971934549],[-79.740634482,-5.971958724],[-79.740601945,-5.972002316]]]}},{"type":"Feature","properties":{"categoria":"CONSTRUCCION","id_lote":"D - 24","area_calc":27.57},"geometry":{"type":"Polygon","coordinates":[[[-79.740609984,-5.972075223],[-79.740576459,-5.972050323],[-79.740608452,-5.972007075],[-79.740642138,-5.972032012],[-79.740609984,-5.972075223]]]}},{"type":"Feature","properties":{"categoria":"CONSTRUCCION","id_lote":"D - 25","area_calc":27.37},"geometry":{"type":"Polygon","coordinates":[[[-79.740541138,-5.972086621],[-79.74050301,-5.972067469],[-79.740537094,-5.972021696],[-79.7405706,-5.972046785],[-79.740541138,-5.972086621]]]}},{"type":"Feature","properties":{"categoria":"CONSTRUCCION","id_lote":"E - 1","area_calc":27.28},"geometry":{"type":"Polygon","coordinates":[[[-79.741069668,-5.971524921],[-79.741036667,-5.971500632],[-79.741068514,-5.971456783],[-79.741101757,-5.971481261],[-79.741069668,-5.971524921]]]}},{"type":"Feature","properties":{"categoria":"CONSTRUCCION","id_lote":"E - 2","area_calc":26.94},"geometry":{"type":"Polygon","coordinates":[[[-79.741068554,-5.971456544],[-79.7411009,-5.971413564],[-79.741133709,-5.971437912],[-79.741101888,-5.971480828],[-79.741068554,-5.971456544]]]}},{"type":"Feature","properties":{"categoria":"CONSTRUCCION","id_lote":"E - 3","area_calc":27.18},"geometry":{"type":"Polygon","coordinates":[[[-79.741140415,-5.971442208],[-79.741172564,-5.971399348],[-79.741205797,-5.971423574],[-79.741173946,-5.971466873],[-79.741140415,-5.971442208]]]}},{"type":"Feature","properties":{"categoria":"CONSTRUCCION","id_lote":"E - 4","area_calc":27.14},"geometry":{"type":"Polygon","coordinates":[[[-79.741166385,-5.971393922],[-79.741133279,-5.971369682],[-79.74116544,-5.971326438],[-79.741198705,-5.971350687],[-79.741166385,-5.971393922]]]}},{"type":"Feature","properties":{"categoria":"CONSTRUCCION","id_lote":"E - 5","area_calc":27.35},"geometry":{"type":"Polygon","coordinates":[[[-79.74120532,-5.971355011],[-79.74123733,-5.971311895],[-79.741270695,-5.971336426],[-79.741238774,-5.971379824],[-79.74120532,-5.971355011]]]}},{"type":"Feature","properties":{"categoria":"CONSTRUCCION","id_lote":"E - 6","area_calc":27.53},"geometry":{"type":"Polygon","coordinates":[[[-79.741231194,-5.971307029],[-79.741197479,-5.97128309],[-79.741230067,-5.971239074],[-79.741263342,-5.971263518],[-79.741231194,-5.971307029]]]}},{"type":"Feature","properties":{"categoria":"CONSTRUCCION","id_lote":"E - 7","area_calc":27.33},"geometry":{"type":"Polygon","coordinates":[[[-79.741303233,-5.971292852],[-79.74126977,-5.971268031],[-79.74130191,-5.971224972],[-79.741335184,-5.971249604],[-79.741303233,-5.971292852]]]}},{"type":"Feature","properties":{"categoria":"CONSTRUCCION","id_lote":"E - 8","area_calc":27.53},"geometry":{"type":"Polygon","coordinates":[[[-79.741295483,-5.971220095],[-79.741261831,-5.971196403],[-79.741294451,-5.971152198],[-79.741327774,-5.971176723],[-79.741295483,-5.971220095]]]}},{"type":"Feature","properties":{"categoria":"CONSTRUCCION","id_lote":"E - 9","area_calc":27.83},"geometry":{"type":"Polygon","coordinates":[[[-79.741367646,-5.971205944],[-79.741334163,-5.971181321],[-79.741366624,-5.971137349],[-79.741400149,-5.971162292],[-79.741367646,-5.971205944]]]}},{"type":"Feature","properties":{"categoria":"CONSTRUCCION","id_lote":"E - 10","area_calc":27.48},"geometry":{"type":"Polygon","coordinates":[[[-79.741360642,-5.971133329],[-79.74132695,-5.97110872],[-79.74135895,-5.971065261],[-79.741392422,-5.971089774],[-79.741360642,-5.971133329]]]}},{"type":"Feature","properties":{"categoria":"CONSTRUCCION","id_lote":"E - 11","area_calc":27.66},"geometry":{"type":"Polygon","coordinates":[[[-79.74143217,-5.971118813],[-79.74139872,-5.971094008],[-79.741431135,-5.971050482],[-79.741464569,-5.971075052],[-79.74143217,-5.971118813]]]}},{"type":"Feature","properties":{"categoria":"CONSTRUCCION","id_lote":"E - 12","area_calc":26.71},"geometry":{"type":"Polygon","coordinates":[[[-79.741424935,-5.971045582],[-79.741391822,-5.971021487],[-79.741423609,-5.97097864],[-79.741456635,-5.971002742],[-79.741424935,-5.971045582]]]}},{"type":"Feature","properties":{"categoria":"CONSTRUCCION","id_lote":"E - 13","area_calc":27.21},"geometry":{"type":"Polygon","coordinates":[[[-79.741496932,-5.971031408],[-79.741463479,-5.97100708],[-79.741495623,-5.970963659],[-79.741528739,-5.970988264],[-79.741496932,-5.971031408]]]}},{"type":"Feature","properties":{"categoria":"CONSTRUCCION","id_lote":"E - 14","area_calc":27.5},"geometry":{"type":"Polygon","coordinates":[[[-79.741423822,-5.97097801],[-79.741390374,-5.970953343],[-79.741422293,-5.97090991],[-79.741455937,-5.970934786],[-79.741423822,-5.97097801]]]}},{"type":"Feature","properties":{"categoria":"CONSTRUCCION","id_lote":"E - 15","area_calc":27.03},"geometry":{"type":"Polygon","coordinates":[[[-79.741351543,-5.97099234],[-79.741318596,-5.970968136],[-79.741350592,-5.970924776],[-79.741383691,-5.970949192],[-79.741351543,-5.97099234]]]}},{"type":"Feature","properties":{"categoria":"CONSTRUCCION","id_lote":"E - 16","area_calc":27.62},"geometry":{"type":"Polygon","coordinates":[[[-79.741358964,-5.971065203],[-79.741325656,-5.971040426],[-79.741358013,-5.970996882],[-79.741391443,-5.971021676],[-79.741358964,-5.971065203]]]}},{"type":"Feature","properties":{"categoria":"CONSTRUCCION","id_lote":"E - 17","area_calc":27.08},"geometry":{"type":"Polygon","coordinates":[[[-79.741286935,-5.971079522],[-79.741253939,-5.97105564],[-79.741286009,-5.971011984],[-79.741319172,-5.971036263],[-79.741286935,-5.971079522]]]}},{"type":"Feature","properties":{"categoria":"CONSTRUCCION","id_lote":"E - 18","area_calc":27.9},"geometry":{"type":"Polygon","coordinates":[[[-79.741294593,-5.971152266],[-79.741260903,-5.97112778],[-79.741293259,-5.971083775],[-79.741327087,-5.971108773],[-79.741294593,-5.971152266]]]}},{"type":"Feature","properties":{"categoria":"CONSTRUCCION","id_lote":"E - 19","area_calc":27.22},"geometry":{"type":"Polygon","coordinates":[[[-79.741222413,-5.971166771],[-79.741189302,-5.971142593],[-79.741221851,-5.971098804],[-79.741254566,-5.971123103],[-79.741222413,-5.971166771]]]}},{"type":"Feature","properties":{"categoria":"CONSTRUCCION","id_lote":"E - 20","area_calc":27.1},"geometry":{"type":"Polygon","coordinates":[[[-79.741230217,-5.971238922],[-79.74119675,-5.971214336],[-79.741228886,-5.971171216],[-79.741261783,-5.97119637],[-79.741230217,-5.971238922]]]}},{"type":"Feature","properties":{"categoria":"CONSTRUCCION","id_lote":"E - 21","area_calc":27.31},"geometry":{"type":"Polygon","coordinates":[[[-79.741157711,-5.971253604],[-79.741124803,-5.971229249],[-79.741157389,-5.971185603],[-79.741190313,-5.971209866],[-79.741157711,-5.971253604]]]}},{"type":"Feature","properties":{"categoria":"CONSTRUCCION","id_lote":"E - 22","area_calc":27.57},"geometry":{"type":"Polygon","coordinates":[[[-79.741165557,-5.971326069],[-79.741131884,-5.971301332],[-79.741163835,-5.971257947],[-79.741197534,-5.971283042],[-79.741165557,-5.971326069]]]}},{"type":"Feature","properties":{"categoria":"CONSTRUCCION","id_lote":"E - 23","area_calc":26.87},"geometry":{"type":"Polygon","coordinates":[[[-79.741093575,-5.971340418],[-79.741060497,-5.971315991],[-79.741092854,-5.971272979],[-79.741125379,-5.971297336],[-79.741093575,-5.971340418]]]}},{"type":"Feature","properties":{"categoria":"CONSTRUCCION","id_lote":"E - 24","area_calc":27.62},"geometry":{"type":"Polygon","coordinates":[[[-79.741100863,-5.971413345],[-79.741067368,-5.971388769],[-79.74109961,-5.971345009],[-79.741133044,-5.971369855],[-79.741100863,-5.971413345]]]}},{"type":"Feature","properties":{"categoria":"CONSTRUCCION","id_lote":"E - 25","area_calc":27.44},"geometry":{"type":"Polygon","coordinates":[[[-79.741028664,-5.971427894],[-79.740995497,-5.971403502],[-79.741027935,-5.971359602],[-79.741060922,-5.971383973],[-79.741028664,-5.971427894]]]}},{"type":"Feature","properties":{"categoria":"CONSTRUCCION","id_lote":"E - 26","area_calc":27.59},"geometry":{"type":"Polygon","coordinates":[[[-79.741036385,-5.971500795],[-79.741002733,-5.971475863],[-79.741035234,-5.971432269],[-79.741068194,-5.971456581],[-79.741036385,-5.971500795]]]}},{"type":"Feature","properties":{"categoria":"CONSTRUCCION","id_lote":"F - 1","area_calc":27.37},"geometry":{"type":"Polygon","coordinates":[[[-79.740978268,-5.971234785],[-79.740944815,-5.971210348],[-79.740977134,-5.971167113],[-79.741010565,-5.971191558],[-79.740978268,-5.971234785]]]}},{"type":"Feature","properties":{"categoria":"CONSTRUCCION","id_lote":"F - 2","area_calc":27.56},"geometry":{"type":"Polygon","coordinates":[[[-79.740977323,-5.971166925],[-79.741010012,-5.971123146],[-79.741042956,-5.971147586],[-79.741010767,-5.971191524],[-79.740977323,-5.971166925]]]}},{"type":"Feature","properties":{"categoria":"CONSTRUCCION","id_lote":"F - 3","area_calc":27.02},"geometry":{"type":"Polygon","coordinates":[[[-79.741082245,-5.971176784],[-79.741049295,-5.971152193],[-79.741081097,-5.971109148],[-79.741114234,-5.971133724],[-79.741082245,-5.971176784]]]}},{"type":"Feature","properties":{"categoria":"CONSTRUCCION","id_lote":"F - 4","area_calc":27.65},"geometry":{"type":"Polygon","coordinates":[[[-79.741075362,-5.971104838],[-79.741041746,-5.971080341],[-79.741074228,-5.971036451],[-79.741107484,-5.971060935],[-79.741075362,-5.971104838]]]}},{"type":"Feature","properties":{"categoria":"CONSTRUCCION","id_lote":"F - 5","area_calc":27.47},"geometry":{"type":"Polygon","coordinates":[[[-79.741147343,-5.971089996],[-79.741114023,-5.971065373],[-79.741146109,-5.971021854],[-79.741179545,-5.971046583],[-79.741147343,-5.971089996]]]}},{"type":"Feature","properties":{"categoria":"CONSTRUCCION","id_lote":"F - 6","area_calc":27.44},"geometry":{"type":"Polygon","coordinates":[[[-79.741107046,-5.970993051],[-79.741138983,-5.970949475],[-79.741172509,-5.970974074],[-79.741140122,-5.971017628],[-79.741107046,-5.970993051]]]}},{"type":"Feature","properties":{"categoria":"CONSTRUCCION","id_lote":"F - 7","area_calc":27.48},"geometry":{"type":"Polygon","coordinates":[[[-79.741211578,-5.971002841],[-79.741178128,-5.970978406],[-79.741210823,-5.970934799],[-79.741243895,-5.970959234],[-79.741211578,-5.971002841]]]}},{"type":"Feature","properties":{"categoria":"CONSTRUCCION","id_lote":"F - 8","area_calc":27.15},"geometry":{"type":"Polygon","coordinates":[[[-79.741204775,-5.970930288],[-79.74117151,-5.970906123],[-79.741203836,-5.970862736],[-79.741236893,-5.970886684],[-79.741204775,-5.970930288]]]}},{"type":"Feature","properties":{"categoria":"CONSTRUCCION","id_lote":"F - 9","area_calc":26.89},"geometry":{"type":"Polygon","coordinates":[[[-79.741236951,-5.97088646],[-79.741204026,-5.970862359],[-79.741236103,-5.970819004],[-79.741268902,-5.970843386],[-79.741236951,-5.97088646]]]}},{"type":"Feature","properties":{"categoria":"CONSTRUCCION","id_lote":"F - 10","area_calc":27.63},"geometry":{"type":"Polygon","coordinates":[[[-79.741203486,-5.970862429],[-79.741170181,-5.970837723],[-79.741202184,-5.970793997],[-79.74123578,-5.970818782],[-79.741203486,-5.970862429]]]}},{"type":"Feature","properties":{"categoria":"CONSTRUCCION","id_lote":"F - 11","area_calc":27.45},"geometry":{"type":"Polygon","coordinates":[[[-79.741131769,-5.970876799],[-79.741098302,-5.970852024],[-79.741130656,-5.970808605],[-79.741163746,-5.9708332],[-79.741131769,-5.970876799]]]}},{"type":"Feature","properties":{"categoria":"CONSTRUCCION","id_lote":"F - 12","area_calc":27.5},"geometry":{"type":"Polygon","coordinates":[[[-79.741139,-5.970949283],[-79.741105614,-5.970924495],[-79.741137473,-5.970881338],[-79.741171321,-5.970906302],[-79.741139,-5.970949283]]]}},{"type":"Feature","properties":{"categoria":"CONSTRUCCION","id_lote":"F - 13","area_calc":27.08},"geometry":{"type":"Polygon","coordinates":[[[-79.741066968,-5.970963882],[-79.741033845,-5.970939555],[-79.741065987,-5.97089598],[-79.741098723,-5.970920133],[-79.741066968,-5.970963882]]]}},{"type":"Feature","properties":{"categoria":"CONSTRUCCION","id_lote":"F - 14","area_calc":27.56},"geometry":{"type":"Polygon","coordinates":[[[-79.741074189,-5.971036431],[-79.741040401,-5.971011442],[-79.741072612,-5.970968421],[-79.741106188,-5.970993149],[-79.741074189,-5.971036431]]]}},{"type":"Feature","properties":{"categoria":"CONSTRUCCION","id_lote":"F - 15","area_calc":27.05},"geometry":{"type":"Polygon","coordinates":[[[-79.741001905,-5.971050697],[-79.740969015,-5.971026651],[-79.74100127,-5.97098307],[-79.741034184,-5.971007542],[-79.741001905,-5.971050697]]]}},{"type":"Feature","properties":{"categoria":"CONSTRUCCION","id_lote":"F - 16","area_calc":27.11},"geometry":{"type":"Polygon","coordinates":[[[-79.74100977,-5.97112322],[-79.740976441,-5.971098805],[-79.741008247,-5.97105584],[-79.741041763,-5.971080489],[-79.74100977,-5.97112322]]]}},{"type":"Feature","properties":{"categoria":"CONSTRUCCION","id_lote":"F - 17","area_calc":26.89},"geometry":{"type":"Polygon","coordinates":[[[-79.740937562,-5.971137474],[-79.740904685,-5.971113636],[-79.740936789,-5.971069994],[-79.740969574,-5.971094448],[-79.740937562,-5.971137474]]]}},{"type":"Feature","properties":{"categoria":"CONSTRUCCION","id_lote":"F - 18","area_calc":27.44},"geometry":{"type":"Polygon","coordinates":[[[-79.740944596,-5.971210199],[-79.740911406,-5.971185995],[-79.740944025,-5.971142193],[-79.740977164,-5.971166822],[-79.740944596,-5.971210199]]]}},{"type":"Feature","properties":{"categoria":"CONSTRUCCION","id_lote":"G - 1","area_calc":27.29},"geometry":{"type":"Polygon","coordinates":[[[-79.740780137,-5.971089416],[-79.740747061,-5.971065355],[-79.740779759,-5.971021744],[-79.740812835,-5.971046181],[-79.740780137,-5.971089416]]]}},{"type":"Feature","properties":{"categoria":"CONSTRUCCION","id_lote":"G - 2","area_calc":27.58},"geometry":{"type":"Polygon","coordinates":[[[-79.740852052,-5.971074616],[-79.740818489,-5.971050135],[-79.740851082,-5.971006479],[-79.740884338,-5.971031098],[-79.740852052,-5.971074616]]]}},{"type":"Feature","properties":{"categoria":"CONSTRUCCION","id_lote":"G - 3","area_calc":26.96},"geometry":{"type":"Polygon","coordinates":[[[-79.740845296,-5.971002289],[-79.740811865,-5.970977814],[-79.740843632,-5.970935013],[-79.740876882,-5.970959531],[-79.740845296,-5.971002289]]]}},{"type":"Feature","properties":{"categoria":"CONSTRUCCION","id_lote":"G - 4","area_calc":27.66},"geometry":{"type":"Polygon","coordinates":[[[-79.740916437,-5.970988021],[-79.740882931,-5.970963185],[-79.74091538,-5.970919626],[-79.740948714,-5.970944165],[-79.740916437,-5.970988021]]]}},{"type":"Feature","properties":{"categoria":"CONSTRUCCION","id_lote":"G - 5","area_calc":27.08},"geometry":{"type":"Polygon","coordinates":[[[-79.740909834,-5.970915187],[-79.740876569,-5.970890888],[-79.7409083,-5.97084795],[-79.740941953,-5.970872494],[-79.740909834,-5.970915187]]]}},{"type":"Feature","properties":{"categoria":"CONSTRUCCION","id_lote":"G - 6","area_calc":27.24},"geometry":{"type":"Polygon","coordinates":[[[-79.74094752,-5.970875951],[-79.74097987,-5.970832863],[-79.741013005,-5.970857118],[-79.740981223,-5.970900434],[-79.74094752,-5.970875951]]]}},{"type":"Feature","properties":{"categoria":"CONSTRUCCION","id_lote":"G - 7","area_calc":27.14},"geometry":{"type":"Polygon","coordinates":[[[-79.740974039,-5.970828318],[-79.740940933,-5.970803843],[-79.740973043,-5.970760888],[-79.74100641,-5.970785261],[-79.740974039,-5.970828318]]]}},{"type":"Feature","properties":{"categoria":"CONSTRUCCION","id_lote":"G - 8","area_calc":27.81},"geometry":{"type":"Polygon","coordinates":[[[-79.741045884,-5.970813958],[-79.741012241,-5.970789145],[-79.741044939,-5.970745346],[-79.741078204,-5.970770347],[-79.741045884,-5.970813958]]]}},{"type":"Feature","properties":{"categoria":"CONSTRUCCION","id_lote":"G - 9","area_calc":27.76},"geometry":{"type":"Polygon","coordinates":[[[-79.740973118,-5.970760384],[-79.740939093,-5.970735201],[-79.740971228,-5.970692336],[-79.741005248,-5.970717337],[-79.740973118,-5.970760384]]]}},{"type":"Feature","properties":{"categoria":"CONSTRUCCION","id_lote":"G - 10","area_calc":27.13},"geometry":{"type":"Polygon","coordinates":[[[-79.740900656,-5.970774465],[-79.740867653,-5.970750506],[-79.740899875,-5.97070703],[-79.740933153,-5.970731466],[-79.740900656,-5.970774465]]]}},{"type":"Feature","properties":{"categoria":"CONSTRUCCION","id_lote":"G - 11","area_calc":27.86},"geometry":{"type":"Polygon","coordinates":[[[-79.740908117,-5.970847188],[-79.740874194,-5.970822574],[-79.740906725,-5.97077911],[-79.740940663,-5.970804011],[-79.740908117,-5.970847188]]]}},{"type":"Feature","properties":{"categoria":"CONSTRUCCION","id_lote":"G - 12","area_calc":26.88},"geometry":{"type":"Polygon","coordinates":[[[-79.740836155,-5.970861302],[-79.740803266,-5.970837234],[-79.740835303,-5.970794016],[-79.740868287,-5.970818266],[-79.740836155,-5.970861302]]]}},{"type":"Feature","properties":{"categoria":"CONSTRUCCION","id_lote":"G - 13","area_calc":27.95},"geometry":{"type":"Polygon","coordinates":[[[-79.740843634,-5.970934559],[-79.740809689,-5.970909637],[-79.740842312,-5.970866072],[-79.740875999,-5.970890887],[-79.740843634,-5.970934559]]]}},{"type":"Feature","properties":{"categoria":"CONSTRUCCION","id_lote":"G - 14","area_calc":27.08},"geometry":{"type":"Polygon","coordinates":[[[-79.740771469,-5.970948448],[-79.7407384,-5.970924207],[-79.740770601,-5.970880977],[-79.740803719,-5.970905614],[-79.740771469,-5.970948448]]]}},{"type":"Feature","properties":{"categoria":"CONSTRUCCION","id_lote":"G - 15","area_calc":27.46},"geometry":{"type":"Polygon","coordinates":[[[-79.740779611,-5.97102097],[-79.74074553,-5.970996524],[-79.740777818,-5.970953425],[-79.740811457,-5.970977817],[-79.740779611,-5.97102097]]]}},{"type":"Feature","properties":{"categoria":"CONSTRUCCION","id_lote":"G - 16","area_calc":28.16},"geometry":{"type":"Polygon","coordinates":[[[-79.740746686,-5.971065274],[-79.740712793,-5.97104004],[-79.740745327,-5.970996806],[-79.740779611,-5.971021355],[-79.740746686,-5.971065274]]]}},{"type":"Feature","properties":{"categoria":"CONSTRUCCION","id_lote":"H - 1","area_calc":27.46},"geometry":{"type":"Polygon","coordinates":[[[-79.740495264,-5.971059837],[-79.740462385,-5.971035411],[-79.740494662,-5.970991528],[-79.740527885,-5.971016069],[-79.740495264,-5.971059837]]]}},{"type":"Feature","properties":{"categoria":"CONSTRUCCION","id_lote":"H - 2","area_calc":27.47},"geometry":{"type":"Polygon","coordinates":[[[-79.740534141,-5.971020714],[-79.740566331,-5.970977397],[-79.740599897,-5.971002053],[-79.740567714,-5.971045265],[-79.740534141,-5.971020714]]]}},{"type":"Feature","properties":{"categoria":"CONSTRUCCION","id_lote":"H - 3","area_calc":26.75},"geometry":{"type":"Polygon","coordinates":[[[-79.740560277,-5.970972512],[-79.740527178,-5.970948399],[-79.740559101,-5.9709054],[-79.740591963,-5.970929604],[-79.740560277,-5.970972512]]]}},{"type":"Feature","properties":{"categoria":"CONSTRUCCION","id_lote":"H - 4","area_calc":27.29},"geometry":{"type":"Polygon","coordinates":[[[-79.740632365,-5.970958365],[-79.740599044,-5.970934061],[-79.74063133,-5.970890502],[-79.740664459,-5.970915251],[-79.740632365,-5.970958365]]]}},{"type":"Feature","properties":{"categoria":"CONSTRUCCION","id_lote":"H - 5","area_calc":26.43},"geometry":{"type":"Polygon","coordinates":[[[-79.740624806,-5.970885188],[-79.740591869,-5.970861384],[-79.740623618,-5.970818776],[-79.740656558,-5.970842572],[-79.740624806,-5.970885188]]]}},{"type":"Feature","properties":{"categoria":"CONSTRUCCION","id_lote":"H - 6","area_calc":27.47},"geometry":{"type":"Polygon","coordinates":[[[-79.740696825,-5.970871361],[-79.740663344,-5.970846906],[-79.740695632,-5.970803399],[-79.74072905,-5.970827913],[-79.740696825,-5.970871361]]]}},{"type":"Feature","properties":{"categoria":"CONSTRUCCION","id_lote":"H - 7","area_calc":26.88},"geometry":{"type":"Polygon","coordinates":[[[-79.740689346,-5.970798338],[-79.740656271,-5.970773901],[-79.740687834,-5.97073123],[-79.740721288,-5.970755667],[-79.740689346,-5.970798338]]]}},{"type":"Feature","properties":{"categoria":"CONSTRUCCION","id_lote":"H - 8","area_calc":27.73},"geometry":{"type":"Polygon","coordinates":[[[-79.740761546,-5.970784428],[-79.740728092,-5.970759427],[-79.740759849,-5.97071604],[-79.740793866,-5.970740629],[-79.740761546,-5.970784428]]]}},{"type":"Feature","properties":{"categoria":"CONSTRUCCION","id_lote":"H - 9","area_calc":27.09},"geometry":{"type":"Polygon","coordinates":[[[-79.740753944,-5.970712106],[-79.740720679,-5.97068736],[-79.740753388,-5.970644654],[-79.740786129,-5.970668176],[-79.740753944,-5.970712106]]]}},{"type":"Feature","properties":{"categoria":"CONSTRUCCION","id_lote":"H - 10","area_calc":27.67},"geometry":{"type":"Polygon","coordinates":[[[-79.740826283,-5.970697236],[-79.740792428,-5.970672477],[-79.740824622,-5.970629137],[-79.740858345,-5.970653859],[-79.740826283,-5.970697236]]]}},{"type":"Feature","properties":{"categoria":"CONSTRUCCION","id_lote":"H - 11","area_calc":28.14},"geometry":{"type":"Polygon","coordinates":[[[-79.740749968,-5.970648315],[-79.740706055,-5.970616086],[-79.740730447,-5.970581979],[-79.740774851,-5.970614391],[-79.740749968,-5.970648315]]]}},{"type":"Feature","properties":{"categoria":"CONSTRUCCION","id_lote":"I - 1","area_calc":27.91},"geometry":{"type":"Polygon","coordinates":[[[-79.740801783,-5.970541842],[-79.740752147,-5.970519182],[-79.740769387,-5.970481402],[-79.740819103,-5.970503367],[-79.740801783,-5.970541842]]]}},{"type":"Feature","properties":{"categoria":"CONSTRUCCION","id_lote":"I - 2","area_calc":27.42},"geometry":{"type":"Polygon","coordinates":[[[-79.740821761,-5.97049641],[-79.740838586,-5.97045886],[-79.74088825,-5.970481379],[-79.740871308,-5.970518823],[-79.740821761,-5.97049641]]]}},{"type":"Feature","properties":{"categoria":"CONSTRUCCION","id_lote":"I - 3","area_calc":27.92},"geometry":{"type":"Polygon","coordinates":[[[-79.740900953,-5.970585974],[-79.740851545,-5.970563162],[-79.740868737,-5.970525231],[-79.740918257,-5.970547374],[-79.740900953,-5.970585974]]]}},{"type":"Feature","properties":{"categoria":"CONSTRUCCION","id_lote":"I - 4","area_calc":27.52},"geometry":{"type":"Polygon","coordinates":[[[-79.740921425,-5.970540881],[-79.740938786,-5.970503005],[-79.740988039,-5.970524921],[-79.740970562,-5.970562873],[-79.740921425,-5.970540881]]]}},{"type":"Feature","properties":{"categoria":"CONSTRUCCION","id_lote":"I - 5","area_calc":27.69},"geometry":{"type":"Polygon","coordinates":[[[-79.741000374,-5.970629772],[-79.74095126,-5.970607505],[-79.740968298,-5.970569445],[-79.741017612,-5.970591276],[-79.741000374,-5.970629772]]]}},{"type":"Feature","properties":{"categoria":"CONSTRUCCION","id_lote":"I - 6","area_calc":27.13},"geometry":{"type":"Polygon","coordinates":[[[-79.74102079,-5.970584939],[-79.741037789,-5.970547364],[-79.741086868,-5.97056935],[-79.741069834,-5.970606883],[-79.74102079,-5.970584939]]]}},{"type":"Feature","properties":{"categoria":"CONSTRUCCION","id_lote":"I - 7","area_calc":27.25},"geometry":{"type":"Polygon","coordinates":[[[-79.741099287,-5.970673533],[-79.741050381,-5.970651701],[-79.74106776,-5.970613838],[-79.741116483,-5.97063566],[-79.741099287,-5.970673533]]]}},{"type":"Feature","properties":{"categoria":"CONSTRUCCION","id_lote":"I - 8","area_calc":27.45},"geometry":{"type":"Polygon","coordinates":[[[-79.741169009,-5.970650986],[-79.741120155,-5.970628746],[-79.741137203,-5.970590738],[-79.741186334,-5.970613118],[-79.741169009,-5.970650986]]]}},{"type":"Feature","properties":{"categoria":"CONSTRUCCION","id_lote":"I - 9","area_calc":27.57},"geometry":{"type":"Polygon","coordinates":[[[-79.741198622,-5.970717848],[-79.741149675,-5.970696045],[-79.741167439,-5.970657701],[-79.741215892,-5.970679306],[-79.741198622,-5.970717848]]]}},{"type":"Feature","properties":{"categoria":"CONSTRUCCION","id_lote":"I - 10","area_calc":27.43},"geometry":{"type":"Polygon","coordinates":[[[-79.741268523,-5.970695053],[-79.741219319,-5.970672645],[-79.741236511,-5.970635101],[-79.741285655,-5.970656899],[-79.741268523,-5.970695053]]]}},{"type":"Feature","properties":{"categoria":"CONSTRUCCION","id_lote":"I - 11","area_calc":27.9},"geometry":{"type":"Polygon","coordinates":[[[-79.74124866,-5.970739888],[-79.741266269,-5.970701283],[-79.741315328,-5.970723505],[-79.741298471,-5.970761745],[-79.74124866,-5.970739888]]]}},{"type":"Feature","properties":{"categoria":"CONSTRUCCION","id_lote":"I - 12","area_calc":27.52},"geometry":{"type":"Polygon","coordinates":[[[-79.741318904,-5.970716918],[-79.741335853,-5.97067886],[-79.741385171,-5.970700952],[-79.741368042,-5.970738957],[-79.741318904,-5.970716918]]]}},{"type":"Feature","properties":{"categoria":"CONSTRUCCION","id_lote":"I - 13","area_calc":27.52},"geometry":{"type":"Polygon","coordinates":[[[-79.741416375,-5.970774938],[-79.741372922,-5.970743421],[-79.741397969,-5.97070964],[-79.741441284,-5.970741719],[-79.741416375,-5.970774938]]]}},{"type":"Feature","properties":{"categoria":"CONSTRUCCION","id_lote":"I - 14","area_calc":27.49},"geometry":{"type":"Polygon","coordinates":[[[-79.741436609,-5.970839324],[-79.741392587,-5.970807052],[-79.741417255,-5.970774026],[-79.741461087,-5.970806109],[-79.741436609,-5.970839324]]]}},{"type":"Feature","properties":{"categoria":"CONSTRUCCION","id_lote":"I - 15","area_calc":27.21},"geometry":{"type":"Polygon","coordinates":[[[-79.741465032,-5.970801386],[-79.741489689,-5.970768072],[-79.741533099,-5.970799318],[-79.741508583,-5.970832796],[-79.741465032,-5.970801386]]]}},{"type":"Feature","properties":{"categoria":"CONSTRUCCION","id_lote":"I - 16","area_calc":27.6},"geometry":{"type":"Polygon","coordinates":[[[-79.741480358,-5.970871634],[-79.741505742,-5.970837736],[-79.741548653,-5.970870138],[-79.741523876,-5.970903351],[-79.741480358,-5.970871634]]]}},{"type":"Feature","properties":{"categoria":"CONSTRUCCION","id_lote":"I - 17","area_calc":27.36},"geometry":{"type":"Polygon","coordinates":[[[-79.741553025,-5.970864904],[-79.741577933,-5.970831431],[-79.741620962,-5.970863009],[-79.741596403,-5.970896706],[-79.741553025,-5.970864904]]]}},{"type":"Feature","properties":{"categoria":"LOTE_NUM_PUNTO","id_lote":"A - 1"},"geometry":{"type":"Point","coordinates":[-79.739977607,-5.971772492]}},{"type":"Feature","properties":{"categoria":"LOTE_NUM_PUNTO","id_lote":"A - 2"},"geometry":{"type":"Point","coordinates":[-79.739928324,-5.971745951]}},{"type":"Feature","properties":{"categoria":"LOTE_NUM_PUNTO","id_lote":"A - 3"},"geometry":{"type":"Point","coordinates":[-79.740012072,-5.971717122]}},{"type":"Feature","properties":{"categoria":"LOTE_NUM_PUNTO","id_lote":"A - 4"},"geometry":{"type":"Point","coordinates":[-79.740044316,-5.971673821]}},{"type":"Feature","properties":{"categoria":"LOTE_NUM_PUNTO","id_lote":"A - 5"},"geometry":{"type":"Point","coordinates":[-79.740077091,-5.971629331]}},{"type":"Feature","properties":{"categoria":"LOTE_NUM_PUNTO","id_lote":"A - 6"},"geometry":{"type":"Point","coordinates":[-79.74010883,-5.971583956]}},{"type":"Feature","properties":{"categoria":"LOTE_NUM_PUNTO","id_lote":"A - 7"},"geometry":{"type":"Point","coordinates":[-79.740141607,-5.971540823]}},{"type":"Feature","properties":{"categoria":"LOTE_NUM_PUNTO","id_lote":"A - 8"},"geometry":{"type":"Point","coordinates":[-79.740175562,-5.971498379]}},{"type":"Feature","properties":{"categoria":"LOTE_NUM_PUNTO","id_lote":"A - 9"},"geometry":{"type":"Point","coordinates":[-79.74020557,-5.971453764]}},{"type":"Feature","properties":{"categoria":"LOTE_NUM_PUNTO","id_lote":"A - 10"},"geometry":{"type":"Point","coordinates":[-79.740237472,-5.971412004]}},{"type":"Feature","properties":{"categoria":"LOTE_NUM_PUNTO","id_lote":"A - 11"},"geometry":{"type":"Point","coordinates":[-79.740272457,-5.971366902]}},{"type":"Feature","properties":{"categoria":"LOTE_NUM_PUNTO","id_lote":"A - 12"},"geometry":{"type":"Point","coordinates":[-79.740304847,-5.971324022]}},{"type":"Feature","properties":{"categoria":"LOTE_NUM_PUNTO","id_lote":"A - 13"},"geometry":{"type":"Point","coordinates":[-79.740337314,-5.971281934]}},{"type":"Feature","properties":{"categoria":"LOTE_NUM_PUNTO","id_lote":"A - 14"},"geometry":{"type":"Point","coordinates":[-79.74037008,-5.971238066]}},{"type":"Feature","properties":{"categoria":"LOTE_NUM_PUNTO","id_lote":"A - 15"},"geometry":{"type":"Point","coordinates":[-79.740401252,-5.971194602]}},{"type":"Feature","properties":{"categoria":"LOTE_NUM_PUNTO","id_lote":"B - 1"},"geometry":{"type":"Point","coordinates":[-79.740190803,-5.971888516]}},{"type":"Feature","properties":{"categoria":"LOTE_NUM_PUNTO","id_lote":"B - 2"},"geometry":{"type":"Point","coordinates":[-79.740221159,-5.971848793]}},{"type":"Feature","properties":{"categoria":"LOTE_NUM_PUNTO","id_lote":"B - 3"},"geometry":{"type":"Point","coordinates":[-79.740255065,-5.971805889]}},{"type":"Feature","properties":{"categoria":"LOTE_NUM_PUNTO","id_lote":"B - 4"},"geometry":{"type":"Point","coordinates":[-79.740287312,-5.97176437]}},{"type":"Feature","properties":{"categoria":"LOTE_NUM_PUNTO","id_lote":"B - 5"},"geometry":{"type":"Point","coordinates":[-79.74031832,-5.971717648]}},{"type":"Feature","properties":{"categoria":"LOTE_NUM_PUNTO","id_lote":"B - 6"},"geometry":{"type":"Point","coordinates":[-79.740352747,-5.971674791]}},{"type":"Feature","properties":{"categoria":"LOTE_NUM_PUNTO","id_lote":"B - 7"},"geometry":{"type":"Point","coordinates":[-79.740384715,-5.971630978]}},{"type":"Feature","properties":{"categoria":"LOTE_NUM_PUNTO","id_lote":"B - 8"},"geometry":{"type":"Point","coordinates":[-79.740417199,-5.971588245]}},{"type":"Feature","properties":{"categoria":"LOTE_NUM_PUNTO","id_lote":"B - 9"},"geometry":{"type":"Point","coordinates":[-79.740448391,-5.971543906]}},{"type":"Feature","properties":{"categoria":"LOTE_NUM_PUNTO","id_lote":"B - 10"},"geometry":{"type":"Point","coordinates":[-79.740481851,-5.971502325]}},{"type":"Feature","properties":{"categoria":"LOTE_NUM_PUNTO","id_lote":"B - 11"},"geometry":{"type":"Point","coordinates":[-79.740512028,-5.971457587]}},{"type":"Feature","properties":{"categoria":"LOTE_NUM_PUNTO","id_lote":"B - 12"},"geometry":{"type":"Point","coordinates":[-79.740441706,-5.971402723]}},{"type":"Feature","properties":{"categoria":"LOTE_NUM_PUNTO","id_lote":"B - 13"},"geometry":{"type":"Point","coordinates":[-79.740410077,-5.971448457]}},{"type":"Feature","properties":{"categoria":"LOTE_NUM_PUNTO","id_lote":"B - 14"},"geometry":{"type":"Point","coordinates":[-79.740374924,-5.971490314]}},{"type":"Feature","properties":{"categoria":"LOTE_NUM_PUNTO","id_lote":"B - 15"},"geometry":{"type":"Point","coordinates":[-79.740345933,-5.971535059]}},{"type":"Feature","properties":{"categoria":"LOTE_NUM_PUNTO","id_lote":"B - 16"},"geometry":{"type":"Point","coordinates":[-79.740311765,-5.971576632]}},{"type":"Feature","properties":{"categoria":"LOTE_NUM_PUNTO","id_lote":"B - 17"},"geometry":{"type":"Point","coordinates":[-79.74027957,-5.971620472]}},{"type":"Feature","properties":{"categoria":"LOTE_NUM_PUNTO","id_lote":"B - 18"},"geometry":{"type":"Point","coordinates":[-79.740247611,-5.971664969]}},{"type":"Feature","properties":{"categoria":"LOTE_NUM_PUNTO","id_lote":"B - 19"},"geometry":{"type":"Point","coordinates":[-79.740214744,-5.971707515]}},{"type":"Feature","properties":{"categoria":"LOTE_NUM_PUNTO","id_lote":"B - 20"},"geometry":{"type":"Point","coordinates":[-79.740181823,-5.971752068]}},{"type":"Feature","properties":{"categoria":"LOTE_NUM_PUNTO","id_lote":"B - 21"},"geometry":{"type":"Point","coordinates":[-79.740150227,-5.971796396]}},{"type":"Feature","properties":{"categoria":"LOTE_NUM_PUNTO","id_lote":"B - 22"},"geometry":{"type":"Point","coordinates":[-79.740115881,-5.971836911]}},{"type":"Feature","properties":{"categoria":"LOTE_NUM_PUNTO","id_lote":"C - 1"},"geometry":{"type":"Point","coordinates":[-79.740420938,-5.971993687]}},{"type":"Feature","properties":{"categoria":"LOTE_NUM_PUNTO","id_lote":"C - 2"},"geometry":{"type":"Point","coordinates":[-79.740453266,-5.971950634]}},{"type":"Feature","properties":{"categoria":"LOTE_NUM_PUNTO","id_lote":"C - 3"},"geometry":{"type":"Point","coordinates":[-79.740487119,-5.971908241]}},{"type":"Feature","properties":{"categoria":"LOTE_NUM_PUNTO","id_lote":"C - 4"},"geometry":{"type":"Point","coordinates":[-79.74051722,-5.97186317]}},{"type":"Feature","properties":{"categoria":"LOTE_NUM_PUNTO","id_lote":"C - 5"},"geometry":{"type":"Point","coordinates":[-79.740552371,-5.971820045]}},{"type":"Feature","properties":{"categoria":"LOTE_NUM_PUNTO","id_lote":"C - 6"},"geometry":{"type":"Point","coordinates":[-79.740583049,-5.971777269]}},{"type":"Feature","properties":{"categoria":"LOTE_NUM_PUNTO","id_lote":"C - 7"},"geometry":{"type":"Point","coordinates":[-79.740616479,-5.971731829]}},{"type":"Feature","properties":{"categoria":"LOTE_NUM_PUNTO","id_lote":"C - 8"},"geometry":{"type":"Point","coordinates":[-79.740648242,-5.971688321]}},{"type":"Feature","properties":{"categoria":"LOTE_NUM_PUNTO","id_lote":"C - 9"},"geometry":{"type":"Point","coordinates":[-79.740680831,-5.971646412]}},{"type":"Feature","properties":{"categoria":"LOTE_NUM_PUNTO","id_lote":"C - 10"},"geometry":{"type":"Point","coordinates":[-79.740713809,-5.971601447]}},{"type":"Feature","properties":{"categoria":"LOTE_NUM_PUNTO","id_lote":"C - 11"},"geometry":{"type":"Point","coordinates":[-79.74063866,-5.971547842]}},{"type":"Feature","properties":{"categoria":"LOTE_NUM_PUNTO","id_lote":"C - 12"},"geometry":{"type":"Point","coordinates":[-79.740608968,-5.971593652]}},{"type":"Feature","properties":{"categoria":"LOTE_NUM_PUNTO","id_lote":"C - 13"},"geometry":{"type":"Point","coordinates":[-79.7405745,-5.971635132]}},{"type":"Feature","properties":{"categoria":"LOTE_NUM_PUNTO","id_lote":"C - 14"},"geometry":{"type":"Point","coordinates":[-79.740543364,-5.971679283]}},{"type":"Feature","properties":{"categoria":"LOTE_NUM_PUNTO","id_lote":"C - 15"},"geometry":{"type":"Point","coordinates":[-79.7405091,-5.971721161]}},{"type":"Feature","properties":{"categoria":"LOTE_NUM_PUNTO","id_lote":"C - 16"},"geometry":{"type":"Point","coordinates":[-79.740478766,-5.971766643]}},{"type":"Feature","properties":{"categoria":"LOTE_NUM_PUNTO","id_lote":"C - 17"},"geometry":{"type":"Point","coordinates":[-79.74044507,-5.971810331]}},{"type":"Feature","properties":{"categoria":"LOTE_NUM_PUNTO","id_lote":"C - 18"},"geometry":{"type":"Point","coordinates":[-79.740414749,-5.971854218]}},{"type":"Feature","properties":{"categoria":"LOTE_NUM_PUNTO","id_lote":"C - 19"},"geometry":{"type":"Point","coordinates":[-79.740380068,-5.971896673]}},{"type":"Feature","properties":{"categoria":"LOTE_NUM_PUNTO","id_lote":"C - 20"},"geometry":{"type":"Point","coordinates":[-79.740349065,-5.971941605]}},{"type":"Feature","properties":{"categoria":"LOTE_NUM_PUNTO","id_lote":"D - 1"},"geometry":{"type":"Point","coordinates":[-79.740664332,-5.972083284]}},{"type":"Feature","properties":{"categoria":"LOTE_NUM_PUNTO","id_lote":"D - 2"},"geometry":{"type":"Point","coordinates":[-79.740695528,-5.972038395]}},{"type":"Feature","properties":{"categoria":"LOTE_NUM_PUNTO","id_lote":"D - 3"},"geometry":{"type":"Point","coordinates":[-79.740727938,-5.97199525]}},{"type":"Feature","properties":{"categoria":"LOTE_NUM_PUNTO","id_lote":"D - 4"},"geometry":{"type":"Point","coordinates":[-79.740760456,-5.971950859]}},{"type":"Feature","properties":{"categoria":"LOTE_NUM_PUNTO","id_lote":"D - 5"},"geometry":{"type":"Point","coordinates":[-79.740792546,-5.971907587]}},{"type":"Feature","properties":{"categoria":"LOTE_NUM_PUNTO","id_lote":"D - 6"},"geometry":{"type":"Point","coordinates":[-79.740825219,-5.971865031]}},{"type":"Feature","properties":{"categoria":"LOTE_NUM_PUNTO","id_lote":"D - 7"},"geometry":{"type":"Point","coordinates":[-79.740857125,-5.971820995]}},{"type":"Feature","properties":{"categoria":"LOTE_NUM_PUNTO","id_lote":"D - 8"},"geometry":{"type":"Point","coordinates":[-79.740889527,-5.971778038]}},{"type":"Feature","properties":{"categoria":"LOTE_NUM_PUNTO","id_lote":"D - 9"},"geometry":{"type":"Point","coordinates":[-79.740921325,-5.971734902]}},{"type":"Feature","properties":{"categoria":"LOTE_NUM_PUNTO","id_lote":"D - 10"},"geometry":{"type":"Point","coordinates":[-79.740954189,-5.971691192]}},{"type":"Feature","properties":{"categoria":"LOTE_NUM_PUNTO","id_lote":"D - 11"},"geometry":{"type":"Point","coordinates":[-79.74098774,-5.971645464]}},{"type":"Feature","properties":{"categoria":"LOTE_NUM_PUNTO","id_lote":"D - 12"},"geometry":{"type":"Point","coordinates":[-79.741020735,-5.971602698]}},{"type":"Feature","properties":{"categoria":"LOTE_NUM_PUNTO","id_lote":"D - 13"},"geometry":{"type":"Point","coordinates":[-79.74094458,-5.971547018]}},{"type":"Feature","properties":{"categoria":"LOTE_NUM_PUNTO","id_lote":"D - 14"},"geometry":{"type":"Point","coordinates":[-79.740912731,-5.97159107]}},{"type":"Feature","properties":{"categoria":"LOTE_NUM_PUNTO","id_lote":"D - 15"},"geometry":{"type":"Point","coordinates":[-79.740880334,-5.971636399]}},{"type":"Feature","properties":{"categoria":"LOTE_NUM_PUNTO","id_lote":"D - 16"},"geometry":{"type":"Point","coordinates":[-79.740848967,-5.971678701]}},{"type":"Feature","properties":{"categoria":"LOTE_NUM_PUNTO","id_lote":"D - 17"},"geometry":{"type":"Point","coordinates":[-79.740816781,-5.971723734]}},{"type":"Feature","properties":{"categoria":"LOTE_NUM_PUNTO","id_lote":"D - 18"},"geometry":{"type":"Point","coordinates":[-79.740783538,-5.97176679]}},{"type":"Feature","properties":{"categoria":"LOTE_NUM_PUNTO","id_lote":"D - 19"},"geometry":{"type":"Point","coordinates":[-79.740751443,-5.971810016]}},{"type":"Feature","properties":{"categoria":"LOTE_NUM_PUNTO","id_lote":"D - 20"},"geometry":{"type":"Point","coordinates":[-79.74072066,-5.971853793]}},{"type":"Feature","properties":{"categoria":"LOTE_NUM_PUNTO","id_lote":"D - 21"},"geometry":{"type":"Point","coordinates":[-79.740687746,-5.971898079]}},{"type":"Feature","properties":{"categoria":"LOTE_NUM_PUNTO","id_lote":"D - 22"},"geometry":{"type":"Point","coordinates":[-79.740654662,-5.971941532]}},{"type":"Feature","properties":{"categoria":"LOTE_NUM_PUNTO","id_lote":"D - 23"},"geometry":{"type":"Point","coordinates":[-79.740622426,-5.971986105]}},{"type":"Feature","properties":{"categoria":"LOTE_NUM_PUNTO","id_lote":"D - 24"},"geometry":{"type":"Point","coordinates":[-79.740589574,-5.972029786]}},{"type":"Feature","properties":{"categoria":"LOTE_NUM_PUNTO","id_lote":"D - 25"},"geometry":{"type":"Point","coordinates":[-79.74055983,-5.972067246]}},{"type":"Feature","properties":{"categoria":"LOTE_NUM_PUNTO","id_lote":"E - 1"},"geometry":{"type":"Point","coordinates":[-79.741089989,-5.971507987]}},{"type":"Feature","properties":{"categoria":"LOTE_NUM_PUNTO","id_lote":"E - 2"},"geometry":{"type":"Point","coordinates":[-79.741124884,-5.971463798]}},{"type":"Feature","properties":{"categoria":"LOTE_NUM_PUNTO","id_lote":"E - 3"},"geometry":{"type":"Point","coordinates":[-79.74115599,-5.971418632]}},{"type":"Feature","properties":{"categoria":"LOTE_NUM_PUNTO","id_lote":"E - 4"},"geometry":{"type":"Point","coordinates":[-79.741188688,-5.971376482]}},{"type":"Feature","properties":{"categoria":"LOTE_NUM_PUNTO","id_lote":"E - 5"},"geometry":{"type":"Point","coordinates":[-79.741217672,-5.971334155]}},{"type":"Feature","properties":{"categoria":"LOTE_NUM_PUNTO","id_lote":"E - 6"},"geometry":{"type":"Point","coordinates":[-79.741251835,-5.971290921]}},{"type":"Feature","properties":{"categoria":"LOTE_NUM_PUNTO","id_lote":"E - 7"},"geometry":{"type":"Point","coordinates":[-79.74128495,-5.971245723]}},{"type":"Feature","properties":{"categoria":"LOTE_NUM_PUNTO","id_lote":"E - 8"},"geometry":{"type":"Point","coordinates":[-79.741317814,-5.971204263]}},{"type":"Feature","properties":{"categoria":"LOTE_NUM_PUNTO","id_lote":"E - 9"},"geometry":{"type":"Point","coordinates":[-79.741348645,-5.97115605]}},{"type":"Feature","properties":{"categoria":"LOTE_NUM_PUNTO","id_lote":"E - 10"},"geometry":{"type":"Point","coordinates":[-79.741381982,-5.971115592]}},{"type":"Feature","properties":{"categoria":"LOTE_NUM_PUNTO","id_lote":"E - 11"},"geometry":{"type":"Point","coordinates":[-79.741411991,-5.971073441]}},{"type":"Feature","properties":{"categoria":"LOTE_NUM_PUNTO","id_lote":"E - 12"},"geometry":{"type":"Point","coordinates":[-79.741445354,-5.971031304]}},{"type":"Feature","properties":{"categoria":"LOTE_NUM_PUNTO","id_lote":"E - 13"},"geometry":{"type":"Point","coordinates":[-79.741477123,-5.970987233]}},{"type":"Feature","properties":{"categoria":"LOTE_NUM_PUNTO","id_lote":"E - 14"},"geometry":{"type":"Point","coordinates":[-79.741403348,-5.970933175]}},{"type":"Feature","properties":{"categoria":"LOTE_NUM_PUNTO","id_lote":"E - 15"},"geometry":{"type":"Point","coordinates":[-79.741373692,-5.970974567]}},{"type":"Feature","properties":{"categoria":"LOTE_NUM_PUNTO","id_lote":"E - 16"},"geometry":{"type":"Point","coordinates":[-79.741340029,-5.971019061]}},{"type":"Feature","properties":{"categoria":"LOTE_NUM_PUNTO","id_lote":"E - 17"},"geometry":{"type":"Point","coordinates":[-79.741309033,-5.971061992]}},{"type":"Feature","properties":{"categoria":"LOTE_NUM_PUNTO","id_lote":"E - 18"},"geometry":{"type":"Point","coordinates":[-79.741275349,-5.971104295]}},{"type":"Feature","properties":{"categoria":"LOTE_NUM_PUNTO","id_lote":"E - 19"},"geometry":{"type":"Point","coordinates":[-79.741244771,-5.97114928]}},{"type":"Feature","properties":{"categoria":"LOTE_NUM_PUNTO","id_lote":"E - 20"},"geometry":{"type":"Point","coordinates":[-79.741208146,-5.971195657]}},{"type":"Feature","properties":{"categoria":"LOTE_NUM_PUNTO","id_lote":"E - 21"},"geometry":{"type":"Point","coordinates":[-79.741178375,-5.971236465]}},{"type":"Feature","properties":{"categoria":"LOTE_NUM_PUNTO","id_lote":"E - 22"},"geometry":{"type":"Point","coordinates":[-79.74114243,-5.971283667]}},{"type":"Feature","properties":{"categoria":"LOTE_NUM_PUNTO","id_lote":"E - 23"},"geometry":{"type":"Point","coordinates":[-79.741115167,-5.971322897]}},{"type":"Feature","properties":{"categoria":"LOTE_NUM_PUNTO","id_lote":"E - 24"},"geometry":{"type":"Point","coordinates":[-79.741081668,-5.971366381]}},{"type":"Feature","properties":{"categoria":"LOTE_NUM_PUNTO","id_lote":"E - 25"},"geometry":{"type":"Point","coordinates":[-79.741049988,-5.971409603]}},{"type":"Feature","properties":{"categoria":"LOTE_NUM_PUNTO","id_lote":"E - 26"},"geometry":{"type":"Point","coordinates":[-79.741017263,-5.971451458]}},{"type":"Feature","properties":{"categoria":"LOTE_NUM_PUNTO","id_lote":"F - 1"},"geometry":{"type":"Point","coordinates":[-79.741000643,-5.971216699]}},{"type":"Feature","properties":{"categoria":"LOTE_NUM_PUNTO","id_lote":"F - 2"},"geometry":{"type":"Point","coordinates":[-79.741035029,-5.971171555]}},{"type":"Feature","properties":{"categoria":"LOTE_NUM_PUNTO","id_lote":"F - 3"},"geometry":{"type":"Point","coordinates":[-79.741064758,-5.971131025]}},{"type":"Feature","properties":{"categoria":"LOTE_NUM_PUNTO","id_lote":"F - 4"},"geometry":{"type":"Point","coordinates":[-79.741096034,-5.971087747]}},{"type":"Feature","properties":{"categoria":"LOTE_NUM_PUNTO","id_lote":"F - 5"},"geometry":{"type":"Point","coordinates":[-79.741127649,-5.971043248]}},{"type":"Feature","properties":{"categoria":"LOTE_NUM_PUNTO","id_lote":"F - 6"},"geometry":{"type":"Point","coordinates":[-79.741162284,-5.971000053]}},{"type":"Feature","properties":{"categoria":"LOTE_NUM_PUNTO","id_lote":"F - 7"},"geometry":{"type":"Point","coordinates":[-79.741193192,-5.970955721]}},{"type":"Feature","properties":{"categoria":"LOTE_NUM_PUNTO","id_lote":"F - 8"},"geometry":{"type":"Point","coordinates":[-79.741224166,-5.970913987]}},{"type":"Feature","properties":{"categoria":"LOTE_NUM_PUNTO","id_lote":"F - 9"},"geometry":{"type":"Point","coordinates":[-79.741258463,-5.970866293]}},{"type":"Feature","properties":{"categoria":"LOTE_NUM_PUNTO","id_lote":"F - 10"},"geometry":{"type":"Point","coordinates":[-79.741185894,-5.97081163]}},{"type":"Feature","properties":{"categoria":"LOTE_NUM_PUNTO","id_lote":"F - 11"},"geometry":{"type":"Point","coordinates":[-79.741151092,-5.970860909]}},{"type":"Feature","properties":{"categoria":"LOTE_NUM_PUNTO","id_lote":"F - 12"},"geometry":{"type":"Point","coordinates":[-79.741118907,-5.97090317]}},{"type":"Feature","properties":{"categoria":"LOTE_NUM_PUNTO","id_lote":"F - 13"},"geometry":{"type":"Point","coordinates":[-79.741086159,-5.970947418]}},{"type":"Feature","properties":{"categoria":"LOTE_NUM_PUNTO","id_lote":"F - 14"},"geometry":{"type":"Point","coordinates":[-79.741055112,-5.970990242]}},{"type":"Feature","properties":{"categoria":"LOTE_NUM_PUNTO","id_lote":"F - 15"},"geometry":{"type":"Point","coordinates":[-79.741022567,-5.971033511]}},{"type":"Feature","properties":{"categoria":"LOTE_NUM_PUNTO","id_lote":"F - 16"},"geometry":{"type":"Point","coordinates":[-79.740989516,-5.971076696]}},{"type":"Feature","properties":{"categoria":"LOTE_NUM_PUNTO","id_lote":"F - 17"},"geometry":{"type":"Point","coordinates":[-79.7409584,-5.971121329]}},{"type":"Feature","properties":{"categoria":"LOTE_NUM_PUNTO","id_lote":"F - 18"},"geometry":{"type":"Point","coordinates":[-79.74092688,-5.971163436]}},{"type":"Feature","properties":{"categoria":"LOTE_NUM_PUNTO","id_lote":"G - 1"},"geometry":{"type":"Point","coordinates":[-79.740803723,-5.971071716]}},{"type":"Feature","properties":{"categoria":"LOTE_NUM_PUNTO","id_lote":"G - 2"},"geometry":{"type":"Point","coordinates":[-79.740833218,-5.971028392]}},{"type":"Feature","properties":{"categoria":"LOTE_NUM_PUNTO","id_lote":"G - 3"},"geometry":{"type":"Point","coordinates":[-79.740865092,-5.970985852]}},{"type":"Feature","properties":{"categoria":"LOTE_NUM_PUNTO","id_lote":"G - 4"},"geometry":{"type":"Point","coordinates":[-79.740897722,-5.970940876]}},{"type":"Feature","properties":{"categoria":"LOTE_NUM_PUNTO","id_lote":"G - 5"},"geometry":{"type":"Point","coordinates":[-79.740930139,-5.970897732]}},{"type":"Feature","properties":{"categoria":"LOTE_NUM_PUNTO","id_lote":"G - 6"},"geometry":{"type":"Point","coordinates":[-79.740962387,-5.970855879]}},{"type":"Feature","properties":{"categoria":"LOTE_NUM_PUNTO","id_lote":"G - 7"},"geometry":{"type":"Point","coordinates":[-79.74099403,-5.970811292]}},{"type":"Feature","properties":{"categoria":"LOTE_NUM_PUNTO","id_lote":"G - 8"},"geometry":{"type":"Point","coordinates":[-79.741030661,-5.970760986]}},{"type":"Feature","properties":{"categoria":"LOTE_NUM_PUNTO","id_lote":"G - 9"},"geometry":{"type":"Point","coordinates":[-79.740954826,-5.970714097]}},{"type":"Feature","properties":{"categoria":"LOTE_NUM_PUNTO","id_lote":"G - 10"},"geometry":{"type":"Point","coordinates":[-79.740921661,-5.970757459]}},{"type":"Feature","properties":{"categoria":"LOTE_NUM_PUNTO","id_lote":"G - 11"},"geometry":{"type":"Point","coordinates":[-79.740888691,-5.970800446]}},{"type":"Feature","properties":{"categoria":"LOTE_NUM_PUNTO","id_lote":"G - 12"},"geometry":{"type":"Point","coordinates":[-79.740857266,-5.970843573]}},{"type":"Feature","properties":{"categoria":"LOTE_NUM_PUNTO","id_lote":"G - 13"},"geometry":{"type":"Point","coordinates":[-79.740824377,-5.970885066]}},{"type":"Feature","properties":{"categoria":"LOTE_NUM_PUNTO","id_lote":"G - 14"},"geometry":{"type":"Point","coordinates":[-79.74079551,-5.970932507]}},{"type":"Feature","properties":{"categoria":"LOTE_NUM_PUNTO","id_lote":"G - 15"},"geometry":{"type":"Point","coordinates":[-79.740760808,-5.970972336]}},{"type":"Feature","properties":{"categoria":"LOTE_NUM_PUNTO","id_lote":"G - 16"},"geometry":{"type":"Point","coordinates":[-79.740728705,-5.971016675]}},{"type":"Feature","properties":{"categoria":"LOTE_NUM_PUNTO","id_lote":"H - 1"},"geometry":{"type":"Point","coordinates":[-79.740518766,-5.971043949]}},{"type":"Feature","properties":{"categoria":"LOTE_NUM_PUNTO","id_lote":"H - 2"},"geometry":{"type":"Point","coordinates":[-79.740547425,-5.971001521]}},{"type":"Feature","properties":{"categoria":"LOTE_NUM_PUNTO","id_lote":"H - 3"},"geometry":{"type":"Point","coordinates":[-79.740581985,-5.970956217]}},{"type":"Feature","properties":{"categoria":"LOTE_NUM_PUNTO","id_lote":"H - 4"},"geometry":{"type":"Point","coordinates":[-79.740611151,-5.970912388]}},{"type":"Feature","properties":{"categoria":"LOTE_NUM_PUNTO","id_lote":"H - 5"},"geometry":{"type":"Point","coordinates":[-79.740647085,-5.97086634]}},{"type":"Feature","properties":{"categoria":"LOTE_NUM_PUNTO","id_lote":"H - 6"},"geometry":{"type":"Point","coordinates":[-79.740675468,-5.970825894]}},{"type":"Feature","properties":{"categoria":"LOTE_NUM_PUNTO","id_lote":"H - 7"},"geometry":{"type":"Point","coordinates":[-79.740711367,-5.970781452]}},{"type":"Feature","properties":{"categoria":"LOTE_NUM_PUNTO","id_lote":"H - 8"},"geometry":{"type":"Point","coordinates":[-79.740741252,-5.970737373]}},{"type":"Feature","properties":{"categoria":"LOTE_NUM_PUNTO","id_lote":"H - 9"},"geometry":{"type":"Point","coordinates":[-79.740776389,-5.970693987]}},{"type":"Feature","properties":{"categoria":"LOTE_NUM_PUNTO","id_lote":"H - 10"},"geometry":{"type":"Point","coordinates":[-79.740806604,-5.970647915]}},{"type":"Feature","properties":{"categoria":"LOTE_NUM_PUNTO","id_lote":"H - 11"},"geometry":{"type":"Point","coordinates":[-79.740726908,-5.970639075]}},{"type":"Feature","properties":{"categoria":"LOTE_NUM_PUNTO","id_lote":"I - 1"},"geometry":{"type":"Point","coordinates":[-79.740804967,-5.970487748]}},{"type":"Feature","properties":{"categoria":"LOTE_NUM_PUNTO","id_lote":"I - 2"},"geometry":{"type":"Point","coordinates":[-79.740849159,-5.970519877]}},{"type":"Feature","properties":{"categoria":"LOTE_NUM_PUNTO","id_lote":"I - 3"},"geometry":{"type":"Point","coordinates":[-79.740901618,-5.970533833]}},{"type":"Feature","properties":{"categoria":"LOTE_NUM_PUNTO","id_lote":"I - 4"},"geometry":{"type":"Point","coordinates":[-79.740948761,-5.97056237]}},{"type":"Feature","properties":{"categoria":"LOTE_NUM_PUNTO","id_lote":"I - 5"},"geometry":{"type":"Point","coordinates":[-79.74100159,-5.970578925]}},{"type":"Feature","properties":{"categoria":"LOTE_NUM_PUNTO","id_lote":"I - 6"},"geometry":{"type":"Point","coordinates":[-79.741049907,-5.970606036]}},{"type":"Feature","properties":{"categoria":"LOTE_NUM_PUNTO","id_lote":"I - 7"},"geometry":{"type":"Point","coordinates":[-79.741102935,-5.970619297]}},{"type":"Feature","properties":{"categoria":"LOTE_NUM_PUNTO","id_lote":"I - 8"},"geometry":{"type":"Point","coordinates":[-79.741148423,-5.970650027]}},{"type":"Feature","properties":{"categoria":"LOTE_NUM_PUNTO","id_lote":"I - 9"},"geometry":{"type":"Point","coordinates":[-79.741202913,-5.970659769]}},{"type":"Feature","properties":{"categoria":"LOTE_NUM_PUNTO","id_lote":"I - 10"},"geometry":{"type":"Point","coordinates":[-79.741243724,-5.970689553]}},{"type":"Feature","properties":{"categoria":"LOTE_NUM_PUNTO","id_lote":"I - 11"},"geometry":{"type":"Point","coordinates":[-79.741303051,-5.970709283]}},{"type":"Feature","properties":{"categoria":"LOTE_NUM_PUNTO","id_lote":"I - 12"},"geometry":{"type":"Point","coordinates":[-79.741347356,-5.970735497]}},{"type":"Feature","properties":{"categoria":"LOTE_NUM_PUNTO","id_lote":"I - 13"},"geometry":{"type":"Point","coordinates":[-79.741399567,-5.970762283]}},{"type":"Feature","properties":{"categoria":"LOTE_NUM_PUNTO","id_lote":"I - 14"},"geometry":{"type":"Point","coordinates":[-79.741448278,-5.970785373]}},{"type":"Feature","properties":{"categoria":"LOTE_NUM_PUNTO","id_lote":"I - 15"},"geometry":{"type":"Point","coordinates":[-79.741489941,-5.970823124]}},{"type":"Feature","properties":{"categoria":"LOTE_NUM_PUNTO","id_lote":"I - 16"},"geometry":{"type":"Point","coordinates":[-79.741537739,-5.970847534]}},{"type":"Feature","properties":{"categoria":"LOTE_NUM_PUNTO","id_lote":"I - 17"},"geometry":{"type":"Point","coordinates":[-79.741576969,-5.970888601]}},{"type":"Feature","properties":{"categoria":"MANZANA_LABEL","name":"A"},"geometry":{"type":"Point","coordinates":[-79.740198828,-5.971486638]}},{"type":"Feature","properties":{"categoria":"MANZANA_LABEL","name":"B"},"geometry":{"type":"Point","coordinates":[-79.740316852,-5.971671566]}},{"type":"Feature","properties":{"categoria":"MANZANA_LABEL","name":"C"},"geometry":{"type":"Point","coordinates":[-79.740521118,-5.971814986]}},{"type":"Feature","properties":{"categoria":"MANZANA_LABEL","name":"D"},"geometry":{"type":"Point","coordinates":[-79.740801669,-5.971862869]}},{"type":"Feature","properties":{"categoria":"MANZANA_LABEL","name":"E"},"geometry":{"type":"Point","coordinates":[-79.741259857,-5.971216694]}},{"type":"Feature","properties":{"categoria":"MANZANA_LABEL","name":"F"},"geometry":{"type":"Point","coordinates":[-79.74109206,-5.971037797]}},{"type":"Feature","properties":{"categoria":"MANZANA_LABEL","name":"G"},"geometry":{"type":"Point","coordinates":[-79.740894274,-5.970894221]}},{"type":"Feature","properties":{"categoria":"MANZANA_LABEL","name":"H"},"geometry":{"type":"Point","coordinates":[-79.740668273,-5.970844179]}},{"type":"Feature","properties":{"categoria":"MANZANA_LABEL","name":"I"},"geometry":{"type":"Point","coordinates":[-79.741127772,-5.970632014]}},{"type":"Feature","properties":{"categoria":"VEREDA","name":"V1"},"geometry":{"type":"LineString","coordinates":[[-79.740375124,-5.97113971],[-79.740362137,-5.971129988],[-79.740370495,-5.971122801],[-79.740377838,-5.971120099],[-79.740386486,-5.971119059],[-79.740393745,-5.971120747],[-79.740399767,-5.971123936],[-79.740406283,-5.97112849],[-79.740395947,-5.971141717],[-79.74046121,-5.971189966],[-79.740471311,-5.971176223],[-79.740475966,-5.971180265],[-79.740480571,-5.971189179],[-79.740481749,-5.971195157],[-79.740481578,-5.971202249],[-79.74047969,-5.971209308],[-79.740476372,-5.971214029],[-79.740470769,-5.971221687],[-79.740458227,-5.971211546],[-79.739999853,-5.971827967],[-79.740013396,-5.971837624],[-79.740010316,-5.971841958],[-79.740004158,-5.971846511],[-79.739995549,-5.971849256],[-79.739987811,-5.971849312],[-79.739980752,-5.971846856],[-79.73997491,-5.97184373],[-79.739982593,-5.971829566],[-79.73987231,-5.971777852],[-79.739864733,-5.971792748],[-79.739857977,-5.971788122],[-79.739852828,-5.971781638],[-79.739850615,-5.971774721],[-79.739849458,-5.971767437],[-79.73985077,-5.971759755],[-79.739854722,-5.971753149],[-79.73986818,-5.971762224],[-79.740369723,-5.971146928],[-79.740374952,-5.971140026]]}},{"type":"Feature","properties":{"categoria":"VEREDA","name":"V2"},"geometry":{"type":"LineString","coordinates":[[-79.740412962,-5.971344993],[-79.740418782,-5.971339635],[-79.740426083,-5.971336121],[-79.740434524,-5.971335161],[-79.740441722,-5.971336053],[-79.740446673,-5.97133797],[-79.740450435,-5.971340541],[-79.740440078,-5.971353056],[-79.740448488,-5.971359662],[-79.74057357,-5.971451407],[-79.740583153,-5.971438319],[-79.740586872,-5.971441387],[-79.740590819,-5.971446744],[-79.740592934,-5.971452632],[-79.740593806,-5.97146003],[-79.740593379,-5.971466468],[-79.740591448,-5.971472373],[-79.740588964,-5.971475744],[-79.740575361,-5.971465711],[-79.740227093,-5.971934536],[-79.740240153,-5.971944396],[-79.740237568,-5.971948507],[-79.740232205,-5.971952536],[-79.740225917,-5.971954995],[-79.740219284,-5.971955791],[-79.740213342,-5.971955514],[-79.740207578,-5.971953394],[-79.740214305,-5.971938807],[-79.740061817,-5.971866367],[-79.740054133,-5.971881588],[-79.740045939,-5.971876014],[-79.740041768,-5.971869848],[-79.740039443,-5.971863266],[-79.740038804,-5.971857144],[-79.740039122,-5.971851737],[-79.740040953,-5.971846963],[-79.740043263,-5.971843362],[-79.740409484,-5.971350328],[-79.740413108,-5.971345158]]}},{"type":"Feature","properties":{"categoria":"VEREDA","name":"V3"},"geometry":{"type":"LineString","coordinates":[[-79.740268806,-5.971952867],[-79.740267004,-5.971960214],[-79.740267141,-5.971966935],[-79.7402689,-5.971973472],[-79.740271704,-5.971979192],[-79.740275537,-5.97198389],[-79.740281285,-5.971987467],[-79.740289943,-5.971992172],[-79.74029764,-5.971977562],[-79.740424398,-5.97204062],[-79.74041681,-5.972055238],[-79.740422337,-5.97205715],[-79.740429019,-5.972058016],[-79.740434248,-5.972057664],[-79.74043892,-5.972055944],[-79.740444457,-5.972053084],[-79.740447632,-5.972050809],[-79.740776024,-5.971607994],[-79.740778806,-5.971602386],[-79.740779413,-5.971594951],[-79.740778811,-5.971590164],[-79.740777397,-5.971585856],[-79.740776049,-5.971582104],[-79.740773565,-5.971578695],[-79.740770678,-5.971576044],[-79.740767858,-5.971573948],[-79.740757982,-5.971587046],[-79.740637806,-5.971498625],[-79.740647936,-5.971486008],[-79.740643864,-5.971482921],[-79.740638546,-5.971481497],[-79.740634598,-5.971480956],[-79.740628948,-5.971480807],[-79.740623843,-5.971482024],[-79.740617977,-5.971484281],[-79.740613265,-5.971488627],[-79.740610357,-5.971492689],[-79.740273844,-5.971945975],[-79.74026885,-5.971952647]]}},{"type":"Feature","properties":{"categoria":"VEREDA","name":"V4"},"geometry":{"type":"LineString","coordinates":[[-79.740494205,-5.972061282],[-79.740480755,-5.972051695],[-79.740477683,-5.972055439],[-79.740475806,-5.97206173],[-79.740475285,-5.972066675],[-79.740475659,-5.972073117],[-79.740478198,-5.972079356],[-79.740480943,-5.97208438],[-79.740485943,-5.972089298],[-79.740488854,-5.972091304],[-79.74049806,-5.972076814],[-79.740662159,-5.972159298],[-79.740655126,-5.972173215],[-79.740659633,-5.972176566],[-79.740664797,-5.972177316],[-79.740670356,-5.972177324],[-79.740674763,-5.972176465],[-79.740679649,-5.972173743],[-79.740684789,-5.972170599],[-79.74068939,-5.972165869],[-79.740676491,-5.972155372],[-79.741078904,-5.971612926],[-79.74109251,-5.971621958],[-79.741096026,-5.971616533],[-79.741097659,-5.971609858],[-79.741097854,-5.971606031],[-79.741098,-5.971601432],[-79.741096563,-5.971597361],[-79.741094237,-5.971592046],[-79.741092388,-5.97158854],[-79.741087456,-5.971584773],[-79.741077212,-5.97159828],[-79.740931183,-5.971490757],[-79.740940806,-5.971477529],[-79.740936293,-5.971474406],[-79.740931994,-5.971472734],[-79.740927623,-5.971471939],[-79.74092296,-5.971472002],[-79.740917564,-5.971472888],[-79.740913014,-5.971474284],[-79.740907933,-5.97147674],[-79.740903107,-5.971482856],[-79.740915645,-5.971492255],[-79.740499637,-5.97205328],[-79.740493838,-5.9720616]]}},{"type":"Feature","properties":{"categoria":"VEREDA","name":"V5"},"geometry":{"type":"LineString","coordinates":[[-79.740963368,-5.971428357],[-79.740951139,-5.971418227],[-79.740948032,-5.971422326],[-79.740945967,-5.971428425],[-79.740945241,-5.971434413],[-79.740946194,-5.971440367],[-79.740948154,-5.971446271],[-79.740950735,-5.971450015],[-79.740955552,-5.971454935],[-79.7411067,-5.971566202],[-79.741112868,-5.971568351],[-79.741118479,-5.971569123],[-79.741125216,-5.971568316],[-79.741131493,-5.971566253],[-79.741137704,-5.97156219],[-79.741141161,-5.971557805],[-79.741127912,-5.971547341],[-79.741537886,-5.970994328],[-79.741550673,-5.971004013],[-79.741554587,-5.970998259],[-79.741556747,-5.970992359],[-79.741556852,-5.970988393],[-79.741556641,-5.970982855],[-79.741555488,-5.970977907],[-79.741553341,-5.970974206],[-79.741551285,-5.970970839],[-79.741544959,-5.970966589],[-79.741535469,-5.97097907],[-79.741389679,-5.970872218],[-79.741399083,-5.970859217],[-79.741394396,-5.970855861],[-79.741387818,-5.970854093],[-79.741381248,-5.970853528],[-79.741374431,-5.970854586],[-79.74136807,-5.970858097],[-79.741364005,-5.970860492],[-79.741361077,-5.970865183],[-79.741374482,-5.970874452],[-79.741368684,-5.970881786],[-79.740969777,-5.971419969],[-79.740963294,-5.971428752]]}},{"type":"Feature","properties":{"categoria":"VEREDA","name":"V6"},"geometry":{"type":"LineString","coordinates":[[-79.741177707,-5.970767203],[-79.741185066,-5.970752483],[-79.741181112,-5.970750953],[-79.741176667,-5.970750038],[-79.741172147,-5.970749641],[-79.741167906,-5.970750373],[-79.741162835,-5.970751802],[-79.741158382,-5.970753724],[-79.741155814,-5.970755479],[-79.741153813,-5.97075838],[-79.740860576,-5.971154467],[-79.740858562,-5.971158617],[-79.740858133,-5.971162454],[-79.740857696,-5.97116773],[-79.740858302,-5.971172536],[-79.740859913,-5.971177311],[-79.740861967,-5.971182121],[-79.740865374,-5.971185374],[-79.740869358,-5.971188339],[-79.740876741,-5.97119455],[-79.740886696,-5.971181398],[-79.740998713,-5.971263209],[-79.74098865,-5.9712764],[-79.740993383,-5.97127954],[-79.74099758,-5.971281094],[-79.741002308,-5.971281587],[-79.741008596,-5.971281987],[-79.741013063,-5.971280253],[-79.741017887,-5.971278218],[-79.741023039,-5.971274886],[-79.741338086,-5.970850352],[-79.741340188,-5.970846334],[-79.741340774,-5.970840539],[-79.741340259,-5.970834655],[-79.741339118,-5.970828279],[-79.741336532,-5.97082333],[-79.741332837,-5.970819724],[-79.741324507,-5.970814529],[-79.741317461,-5.970828839],[-79.741186882,-5.970771575],[-79.74117767,-5.97076751]]}},{"type":"Feature","properties":{"categoria":"VEREDA","name":"V7"},"geometry":{"type":"LineString","coordinates":[[-79.740947728,-5.970665419],[-79.740954666,-5.970651006],[-79.740950745,-5.970648816],[-79.740944719,-5.970647991],[-79.740939702,-5.970648348],[-79.74093507,-5.970649396],[-79.740930466,-5.970651447],[-79.740925671,-5.970654477],[-79.740922978,-5.970657567],[-79.740662552,-5.971008937],[-79.740660399,-5.97101341],[-79.740659373,-5.971018975],[-79.740659304,-5.971023736],[-79.740659979,-5.971028893],[-79.740661539,-5.971034126],[-79.740665084,-5.971039722],[-79.740670117,-5.971043449],[-79.740678863,-5.971049356],[-79.740688293,-5.971036073],[-79.740813504,-5.971127768],[-79.74080378,-5.971140876],[-79.74080912,-5.971144728],[-79.740814556,-5.971146051],[-79.740820743,-5.971146332],[-79.740826543,-5.97114592],[-79.740833064,-5.971143471],[-79.740838079,-5.971140458],[-79.740842273,-5.971135284],[-79.740828028,-5.971125086],[-79.741100893,-5.970757251],[-79.741114194,-5.970767376],[-79.74112296,-5.970755898],[-79.741125701,-5.970749312],[-79.741126171,-5.970742207],[-79.741125103,-5.970736401],[-79.741122945,-5.970730922],[-79.74112038,-5.970726416],[-79.741115791,-5.970722361],[-79.741109108,-5.970719454],[-79.741102512,-5.970734149],[-79.740956335,-5.970669439],[-79.740947819,-5.970665423]]}},{"type":"Feature","properties":{"categoria":"VEREDA","name":"V8"},"geometry":{"type":"LineString","coordinates":[[-79.740728384,-5.970568227],[-79.740735649,-5.970553755],[-79.74073054,-5.970551362],[-79.740725607,-5.970550852],[-79.740718876,-5.970552066],[-79.740713088,-5.970553905],[-79.740706937,-5.970557474],[-79.740703166,-5.970561676],[-79.740700648,-5.970565429],[-79.740715181,-5.970572873],[-79.740711239,-5.970582389],[-79.740583329,-5.970806291],[-79.74045009,-5.971028218],[-79.740436254,-5.971019688],[-79.740432161,-5.971027959],[-79.74043251,-5.971034887],[-79.74043439,-5.971043893],[-79.740437881,-5.971050816],[-79.740441668,-5.971054118],[-79.740461914,-5.971069039],[-79.740471621,-5.971056025],[-79.740529435,-5.971098169],[-79.740519468,-5.97111112],[-79.740525445,-5.971115468],[-79.740532121,-5.971116759],[-79.740539363,-5.971116539],[-79.740545482,-5.971115039],[-79.740551487,-5.971112213],[-79.740554779,-5.971108615],[-79.740557392,-5.971105183],[-79.740544197,-5.971095501],[-79.740870132,-5.970656023],[-79.740875723,-5.970647403],[-79.740889578,-5.9706576],[-79.740893821,-5.97065197],[-79.740895637,-5.970643267],[-79.740894761,-5.970637221],[-79.740893513,-5.970631705],[-79.740890826,-5.970626188],[-79.740888193,-5.970622886],[-79.740879331,-5.970616881],[-79.74087247,-5.970632098],[-79.740737662,-5.970572654],[-79.740721154,-5.970564368]]}},{"type":"Feature","properties":{"categoria":"VEREDA","name":"V9"},"geometry":{"type":"LineString","coordinates":[[-79.741629744,-5.970869684],[-79.741585412,-5.970929504],[-79.74159923,-5.970939913],[-79.741596502,-5.970943453],[-79.741590952,-5.970947539],[-79.741583878,-5.970949843],[-79.741577602,-5.970950426],[-79.741570095,-5.970949793],[-79.741564861,-5.970947256],[-79.741556797,-5.970941394],[-79.741372066,-5.970805799],[-79.74134723,-5.970795154],[-79.741334407,-5.970789262],[-79.741328215,-5.970786334],[-79.74131483,-5.970780506],[-79.741102319,-5.970686293],[-79.740986999,-5.970635206],[-79.740973509,-5.97062926],[-79.740966232,-5.970626023],[-79.740953604,-5.970620376],[-79.740780473,-5.970543992],[-79.740767393,-5.970538521],[-79.740760566,-5.970535325],[-79.740747306,-5.970528478],[-79.740741112,-5.97052533],[-79.74073626,-5.97052064],[-79.740733428,-5.970517108],[-79.740731276,-5.970511984],[-79.74073033,-5.970507071],[-79.740730723,-5.97050226],[-79.740731775,-5.970497504],[-79.740733632,-5.970493696],[-79.740749019,-5.970501444],[-79.740780096,-5.970433771]]}},{"type":"Feature","properties":{"categoria":"VEREDA","name":"V10"},"geometry":{"type":"LineString","coordinates":[[-79.74064212,-5.971055276],[-79.740986188,-5.971307321],[-79.74099005,-5.971311604],[-79.740991186,-5.971315336],[-79.740991238,-5.971318759],[-79.740989171,-5.971322341],[-79.740811549,-5.971560495],[-79.74080826,-5.971563897],[-79.740804604,-5.971564953],[-79.740799739,-5.971564371],[-79.740795735,-5.971561418],[-79.740453467,-5.971309373],[-79.740449616,-5.971306304],[-79.740448325,-5.971303111],[-79.740448208,-5.971299131],[-79.740449651,-5.971295057],[-79.740626981,-5.971056772],[-79.74063083,-5.971053113],[-79.740635023,-5.971052019],[-79.740639137,-5.971053235],[-79.740644478,-5.971057087]]}},{"type":"Feature","properties":{"categoria":"PORTICO","name":"PORTICO 1","fill":"#ffffff","fill_op":0.25},"geometry":{"type":"Polygon","coordinates":[[[-79.740441259,-5.97108422],[-79.740492352,-5.971121364],[-79.740496605,-5.97112602],[-79.740498231,-5.97113185],[-79.740498622,-5.971137445],[-79.740496136,-5.971142103],[-79.740492726,-5.971147497],[-79.74048641,-5.97115068],[-79.740480218,-5.971151006],[-79.740473276,-5.971148632],[-79.740421808,-5.971110369],[-79.740418555,-5.971105944],[-79.740417355,-5.971100302],[-79.740417813,-5.971094795],[-79.740420607,-5.971089616],[-79.740424845,-5.971085523],[-79.740429928,-5.971083024],[-79.740436261,-5.97108229],[-79.740441259,-5.97108422]]]}},{"type":"Feature","properties":{"categoria":"PORTICO","name":"PK1","fill":"#66bb6a","fill_op":0.75},"geometry":{"type":"Polygon","coordinates":[[[-79.740521326,-5.971091959],[-79.740511732,-5.97110573],[-79.740461848,-5.971069393],[-79.740471734,-5.971055917],[-79.740521326,-5.971091959]]]}},{"type":"Feature","properties":{"categoria":"PORTICO","name":"PK2","fill":"#66bb6a","fill_op":0.75},"geometry":{"type":"Polygon","coordinates":[[[-79.740463727,-5.971170728],[-79.74045361,-5.971184212],[-79.740403697,-5.971147735],[-79.740414084,-5.971133865],[-79.740463727,-5.971170728]]]}},{"type":"Feature","properties":{"categoria":"PORTICO","name":"P1","fill":"#bdbdbd","fill_op":0.75},"geometry":{"type":"Polygon","coordinates":[[[-79.740471598,-5.971056213],[-79.740461898,-5.971069094],[-79.7404542,-5.971062959],[-79.740463432,-5.971050251],[-79.740471598,-5.971056213]]]}},{"type":"Feature","properties":{"categoria":"PORTICO","name":"P2","fill":"#bdbdbd","fill_op":0.75},"geometry":{"type":"Polygon","coordinates":[[[-79.740529401,-5.971098706],[-79.74051952,-5.971111416],[-79.740511572,-5.971105476],[-79.740521399,-5.971092215],[-79.740529401,-5.971098706]]]}},{"type":"Feature","properties":{"categoria":"PORTICO","name":"P3","fill":"#bdbdbd","fill_op":0.75},"geometry":{"type":"Polygon","coordinates":[[[-79.74041368,-5.971134381],[-79.74040379,-5.971147486],[-79.740395928,-5.971141942],[-79.740405968,-5.971128559],[-79.74041368,-5.971134381]]]}},{"type":"Feature","properties":{"categoria":"PORTICO","name":"P4","fill":"#bdbdbd","fill_op":0.75},"geometry":{"type":"Polygon","coordinates":[[[-79.740471465,-5.971176833],[-79.740461208,-5.971190257],[-79.740453343,-5.971184185],[-79.740463397,-5.971170701],[-79.740471465,-5.971176833]]]}},{"type":"Feature","properties":{"categoria":"AREA_VERDE","name":"PARQUE 1","fill":"#66bb6a"},"geometry":{"type":"Polygon","coordinates":[[[-79.740971244,-5.971309746],[-79.740974463,-5.971313274],[-79.740975255,-5.971316943],[-79.740975255,-5.971320523],[-79.740973874,-5.971324388],[-79.740809754,-5.971545656],[-79.740807327,-5.971548398],[-79.740804258,-5.971549531],[-79.74080051,-5.971549593],[-79.740796693,-5.971548351],[-79.74046651,-5.971306312],[-79.740464425,-5.971303451],[-79.740463451,-5.971300456],[-79.740463384,-5.971296887],[-79.740464614,-5.971293324],[-79.740629995,-5.971070088],[-79.740632533,-5.971068511],[-79.740635903,-5.971068127],[-79.740639527,-5.971067974],[-79.740642379,-5.971069278],[-79.740971244,-5.971309746]]]}},{"type":"Feature","properties":{"categoria":"LIMITE_PROYECTO","name":"CONT 1"},"geometry":{"type":"LineString","coordinates":[[-79.739853733,-5.971752391],[-79.73980766,-5.971812612],[-79.740688079,-5.972237444],[-79.741677887,-5.970903527],[-79.741621091,-5.970861719],[-79.741413844,-5.970711795],[-79.740762321,-5.970423884],[-79.740707505,-5.970525736],[-79.740433088,-5.971015881]]}},{"type":"Feature","properties":{"categoria":"LIMITE_PROYECTO","name":"CONT2"},"geometry":{"type":"LineString","coordinates":[[-79.74043313,-5.9710157],[-79.740361012,-5.971129176]]}},{"type":"Feature","properties":{"categoria":"LIMITE_PROYECTO","name":"CONT3"},"geometry":{"type":"LineString","coordinates":[[-79.740361002,-5.971129337],[-79.74035509,-5.971137481],[-79.740360516,-5.971142047],[-79.740344413,-5.971175615],[-79.739865405,-5.971746228],[-79.739860936,-5.971744283],[-79.739853574,-5.971752574]]}},{"type":"Feature","properties":{"categoria":"TOUR_360","name":"Recorrido 360° · Punto 1","imagen":"tours360/GS010197_36P.jpg"},"geometry":{"type":"Point","coordinates":[-79.740445,-5.971297]}},{"type":"Feature","properties":{"categoria":"TOUR_360","name":"Recorrido 360° · Punto 2","imagen":"tours360/GS010211_36P.jpg"},"geometry":{"type":"Point","coordinates":[-79.7406141,-5.971451]}},{"type":"Feature","properties":{"categoria":"TOUR_360","name":"Recorrido 360° · Punto 3","imagen":"tours360/GS010217_36P.jpg"},"geometry":{"type":"Point","coordinates":[-79.7408086,-5.9715564]}},{"type":"Feature","properties":{"categoria":"TOUR_360","name":"Recorrido 360° · Punto 4","imagen":"tours360/GS010224_36P.jpg"},"geometry":{"type":"Point","coordinates":[-79.7409137,-5.9714471]}},{"type":"Feature","properties":{"categoria":"TOUR_360","name":"Recorrido 360° · Punto 5","imagen":"tours360/GS010235_36P.jpg"},"geometry":{"type":"Point","coordinates":[-79.7408307,-5.9713667]}},{"type":"Feature","properties":{"categoria":"TOUR_360","name":"Recorrido 360° · Punto 6","imagen":"tours360/GS010243_36P.jpg"},"geometry":{"type":"Point","coordinates":[-79.7404545,-5.9720872]}},{"type":"Feature","properties":{"categoria":"TOUR_360","name":"Recorrido 360° · Punto 7","imagen":"tours360/GS010249_36P.jpg"},"geometry":{"type":"Point","coordinates":[-79.7402267,-5.9719652]}},{"type":"Feature","properties":{"categoria":"TOUR_360","name":"Recorrido 360° · Punto 8","imagen":"tours360/GS010269_36P.jpg"},"geometry":{"type":"Point","coordinates":[-79.7399973,-5.9718307]}},{"type":"Feature","properties":{"categoria":"TOUR_360","name":"Recorrido 360° · Punto 9","imagen":"tours360/GS010273_36P.jpg"},"geometry":{"type":"Point","coordinates":[-79.7401264,-5.9715896]}},{"type":"Feature","properties":{"categoria":"TOUR_360","name":"Recorrido 360° · Punto 10","imagen":"tours360/GS010279_36P.jpg"},"geometry":{"type":"Point","coordinates":[-79.7407783,-5.9704057]}},{"type":"Feature","properties":{"categoria":"TOUR_360","name":"Recorrido 360° · Punto 11","imagen":"tours360/GS010291_36P.jpg"},"geometry":{"type":"Point","coordinates":[-79.7416358,-5.9708147]}},{"type":"Feature","properties":{"categoria":"PARQUE_PISO","name":"Sendero perimetral","color":"#e3d9c6"},"geometry":{"type":"Polygon","coordinates":[[[-79.7408031111,-5.9715421231],[-79.7404718392,-5.9712989125],[-79.7406359079,-5.9710748637],[-79.7409671799,-5.9713180742],[-79.7408031111,-5.9715421231]],[[-79.7409469804,-5.9713211872],[-79.7406390169,-5.9710950891],[-79.7404920387,-5.9712957996],[-79.7408000021,-5.9715218977],[-79.7409469804,-5.9713211872]]]}},{"type":"Feature","properties":{"categoria":"PARQUE_PISO","name":"Eje principal","color":"#e3d9c6"},"geometry":{"type":"Polygon","coordinates":[[[-79.7408670823,-5.9714302944],[-79.7405591189,-5.9712041962],[-79.7405719368,-5.9711866924],[-79.7408799002,-5.9714127905],[-79.7408670823,-5.9714302944]]]}},{"type":"Feature","properties":{"categoria":"PARQUE_PISO","name":"Eje transversal","color":"#e3d9c6"},"geometry":{"type":"Polygon","coordinates":[[[-79.7406547611,-5.9714152658],[-79.7406372797,-5.9714024314],[-79.740784258,-5.971201721],[-79.7408017393,-5.9712145553],[-79.7406547611,-5.9714152658]]]}},{"type":"Feature","properties":{"categoria":"PARQUE_PISO","name":"Plaza central","color":"#d8cbb3"},"geometry":{"type":"Polygon","coordinates":[[[-79.7406721642,-5.9712737337],[-79.7406798465,-5.9712651532],[-79.740689053,-5.9712582381],[-79.74069943,-5.9712532543],[-79.7407105786,-5.9712503934],[-79.7407220704,-5.9712497652],[-79.7407334638,-5.9712513939],[-79.7407443209,-5.9712552168],[-79.7407542246,-5.9712610872],[-79.7407627942,-5.9712687794],[-79.7407697004,-5.9712779977],[-79.7407746777,-5.971288388],[-79.740777535,-5.9712995509],[-79.7407781624,-5.9713110575],[-79.7407765358,-5.9713224656],[-79.7407727178,-5.9713333367],[-79.7407668549,-5.971343253],[-79.7407591726,-5.9713518336],[-79.7407499661,-5.9713587487],[-79.7407395891,-5.9713637324],[-79.7407284405,-5.9713665934],[-79.7407169487,-5.9713672216],[-79.7407055553,-5.9713655929],[-79.7406946981,-5.9713617699],[-79.7406847945,-5.9713558996],[-79.7406762249,-5.9713482074],[-79.7406693187,-5.971338989],[-79.7406643413,-5.9713285988],[-79.740661484,-5.9713174358],[-79.7406608566,-5.9713059293],[-79.7406624832,-5.9712945212],[-79.7406663013,-5.9712836501],[-79.7406721642,-5.9712737337]]]}},{"type":"Feature","properties":{"categoria":"PARQUE_PISO","name":"Zona de juegos (piso de caucho)","color":"#ff8a65"},"geometry":{"type":"Polygon","coordinates":[[[-79.7407839567,-5.9714881375],[-79.7407111176,-5.9714346611],[-79.7407517075,-5.9713792323],[-79.7408245466,-5.9714327087],[-79.7407839567,-5.9714881375]]]}},{"type":"Feature","properties":{"categoria":"PARQUE_PISO","name":"Zona biosaludable","color":"#9ccc65"},"geometry":{"type":"Polygon","coordinates":[[[-79.7406018591,-5.9713544465],[-79.7405363039,-5.9713063178],[-79.7405768939,-5.9712508891],[-79.740642449,-5.9712990178],[-79.7406018591,-5.9713544465]]]}},{"type":"Feature","properties":{"categoria":"PARQUE_3D","name":"Columna glorieta","color":"#8d6e63","b":0,"h":2.8},"geometry":{"type":"Polygon","coordinates":[[[-79.7407057927,-5.9712875108],[-79.7407032434,-5.9712856391],[-79.7407051126,-5.9712830865],[-79.740707662,-5.9712849582],[-79.7407057927,-5.9712875108]]]}},{"type":"Feature","properties":{"categoria":"PARQUE_3D","name":"Columna glorieta","color":"#8d6e63","b":0,"h":2.8},"geometry":{"type":"Polygon","coordinates":[[[-79.74072629,-5.9712843519],[-79.7407237406,-5.9712824802],[-79.7407256099,-5.9712799276],[-79.7407281593,-5.9712817993],[-79.74072629,-5.9712843519]]]}},{"type":"Feature","properties":{"categoria":"PARQUE_3D","name":"Columna glorieta","color":"#8d6e63","b":0,"h":2.8},"geometry":{"type":"Polygon","coordinates":[[[-79.7407430146,-5.9712966306],[-79.7407404652,-5.971294759],[-79.7407423345,-5.9712922063],[-79.7407448839,-5.971294078],[-79.7407430146,-5.9712966306]]]}},{"type":"Feature","properties":{"categoria":"PARQUE_3D","name":"Columna glorieta","color":"#8d6e63","b":0,"h":2.8},"geometry":{"type":"Polygon","coordinates":[[[-79.7407461694,-5.9713171542],[-79.74074362,-5.9713152826],[-79.7407454893,-5.9713127299],[-79.7407480387,-5.9713146016],[-79.7407461694,-5.9713171542]]]}},{"type":"Feature","properties":{"categoria":"PARQUE_3D","name":"Columna glorieta","color":"#8d6e63","b":0,"h":2.8},"geometry":{"type":"Polygon","coordinates":[[[-79.7407339064,-5.9713339003],[-79.7407313571,-5.9713320286],[-79.7407332264,-5.971329476],[-79.7407357757,-5.9713313477],[-79.7407339064,-5.9713339003]]]}},{"type":"Feature","properties":{"categoria":"PARQUE_3D","name":"Columna glorieta","color":"#8d6e63","b":0,"h":2.8},"geometry":{"type":"Polygon","coordinates":[[[-79.7407134092,-5.9713370592],[-79.7407108598,-5.9713351875],[-79.7407127291,-5.9713326349],[-79.7407152784,-5.9713345065],[-79.7407134092,-5.9713370592]]]}},{"type":"Feature","properties":{"categoria":"PARQUE_3D","name":"Columna glorieta","color":"#8d6e63","b":0,"h":2.8},"geometry":{"type":"Polygon","coordinates":[[[-79.7406966846,-5.9713247805],[-79.7406941352,-5.9713229088],[-79.7406960045,-5.9713203561],[-79.7406985539,-5.9713222278],[-79.7406966846,-5.9713247805]]]}},{"type":"Feature","properties":{"categoria":"PARQUE_3D","name":"Columna glorieta","color":"#8d6e63","b":0,"h":2.8},"geometry":{"type":"Polygon","coordinates":[[[-79.7406935298,-5.9713042569],[-79.7406909804,-5.9713023852],[-79.7406928497,-5.9712998325],[-79.740695399,-5.9713017042],[-79.7406935298,-5.9713042569]]]}},{"type":"Feature","properties":{"categoria":"PARQUE_3D","name":"Techo glorieta","color":"#6d4c41","b":2.8,"h":3.15},"geometry":{"type":"Polygon","coordinates":[[[-79.7407021727,-5.9712798865],[-79.7407274527,-5.9712759906],[-79.7407480797,-5.9712911343],[-79.7407519707,-5.9713164468],[-79.7407368463,-5.9713371002],[-79.7407115663,-5.9713409962],[-79.7406909394,-5.9713258525],[-79.7406870484,-5.97130054],[-79.7407021727,-5.9712798865]]]}},{"type":"Feature","properties":{"categoria":"PARQUE_3D","name":"Techo glorieta","color":"#5d4037","b":3.15,"h":3.5},"geometry":{"type":"Polygon","coordinates":[[[-79.740708264,-5.9712899376],[-79.7407246619,-5.9712874105],[-79.7407380415,-5.9712972335],[-79.7407405654,-5.9713136523],[-79.740730755,-5.9713270492],[-79.7407143572,-5.9713295763],[-79.7407009775,-5.9713197533],[-79.7406984537,-5.9713033344],[-79.740708264,-5.9712899376]]]}},{"type":"Feature","properties":{"categoria":"PARQUE_3D","name":"Techo glorieta","color":"#5d4037","b":3.5,"h":3.8},"geometry":{"type":"Polygon","coordinates":[[[-79.7407148239,-5.9713007618],[-79.7407216563,-5.9712997088],[-79.7407272312,-5.9713038018],[-79.7407282828,-5.971310643],[-79.7407241952,-5.971316225],[-79.7407173627,-5.9713172779],[-79.7407117879,-5.971313185],[-79.7407107363,-5.9713063438],[-79.7407148239,-5.9713007618]]]}},{"type":"Feature","properties":{"categoria":"PARQUE_3D","name":"Banca circular glorieta","color":"#bcaaa4","b":0,"h":0.45},"geometry":{"type":"Polygon","coordinates":[[[-79.7407120125,-5.9712961229],[-79.7407173111,-5.9712941919],[-79.7407229444,-5.9712944381],[-79.7407280548,-5.9712968242],[-79.7407318642,-5.9713009868],[-79.7407337927,-5.9713062922],[-79.7407335468,-5.9713119327],[-79.7407311638,-5.9713170496],[-79.7407270065,-5.9713208639],[-79.7407217079,-5.9713227949],[-79.7407160746,-5.9713225487],[-79.7407109643,-5.9713201626],[-79.7407071549,-5.971316],[-79.7407052263,-5.9713106946],[-79.7407054723,-5.9713050541],[-79.7407078553,-5.9712999372],[-79.7407120125,-5.9712961229]]]}},{"type":"Feature","properties":{"categoria":"PARQUE_3D","name":"Banca","color":"#795548","b":0.0,"h":0.45},"geometry":{"type":"Polygon","coordinates":[[[-79.7407002087,-5.97123941],[-79.74071717,-5.971236796],[-79.7407179257,-5.9712417122],[-79.7407009644,-5.9712443261],[-79.7407002087,-5.97123941]]]}},{"type":"Feature","properties":{"categoria":"PARQUE_3D","name":"Banca","color":"#795548","b":0.0,"h":0.45},"geometry":{"type":"Polygon","coordinates":[[[-79.7407885044,-5.9712891677],[-79.7407911149,-5.9713061508],[-79.7407862051,-5.9713069075],[-79.7407835945,-5.9712899244],[-79.7407885044,-5.9712891677]]]}},{"type":"Feature","properties":{"categoria":"PARQUE_3D","name":"Banca","color":"#795548","b":0.0,"h":0.45},"geometry":{"type":"Polygon","coordinates":[[[-79.7407388104,-5.9713775768],[-79.7407218491,-5.9713801908],[-79.7407210934,-5.9713752746],[-79.7407380547,-5.9713726607],[-79.7407388104,-5.9713775768]]]}},{"type":"Feature","properties":{"categoria":"PARQUE_3D","name":"Banca","color":"#795548","b":0.0,"h":0.45},"geometry":{"type":"Polygon","coordinates":[[[-79.7406505147,-5.971327819],[-79.7406479041,-5.971310836],[-79.740652814,-5.9713100793],[-79.7406554246,-5.9713270624],[-79.7406505147,-5.971327819]]]}},{"type":"Feature","properties":{"categoria":"PARQUE_3D","name":"Banca","color":"#795548","b":0.0,"h":0.45},"geometry":{"type":"Polygon","coordinates":[[[-79.7408815839,-5.9712852303],[-79.7408677445,-5.9712750698],[-79.7408706819,-5.9712710585],[-79.7408845213,-5.971281219],[-79.7408815839,-5.9712852303]]]}},{"type":"Feature","properties":{"categoria":"PARQUE_3D","name":"Banca","color":"#795548","b":0.0,"h":0.45},"geometry":{"type":"Polygon","coordinates":[[[-79.7407067702,-5.971156887],[-79.7406929308,-5.9711467265],[-79.7406958682,-5.9711427152],[-79.7407097076,-5.9711528757],[-79.7407067702,-5.971156887]]]}},{"type":"Feature","properties":{"categoria":"PARQUE_3D","name":"Banca","color":"#795548","b":0.0,"h":0.45},"geometry":{"type":"Polygon","coordinates":[[[-79.7407431509,-5.9714742716],[-79.7407293115,-5.971464111],[-79.7407322489,-5.9714600997],[-79.7407460883,-5.9714702603],[-79.7407431509,-5.9714742716]]]}},{"type":"Feature","properties":{"categoria":"PARQUE_3D","name":"Banca","color":"#795548","b":0.0,"h":0.45},"geometry":{"type":"Polygon","coordinates":[[[-79.7405683372,-5.9713459283],[-79.7405544978,-5.9713357677],[-79.7405574352,-5.9713317565],[-79.7405712746,-5.971341917],[-79.7405683372,-5.9713459283]]]}},{"type":"Feature","properties":{"categoria":"PARQUE_3D","name":"Farol","color":"#455a64","b":0,"h":3.8},"geometry":{"type":"Polygon","coordinates":[[[-79.7406768537,-5.9712580002],[-79.7406755426,-5.9712570376],[-79.740676504,-5.9712557249],[-79.7406778151,-5.9712566874],[-79.7406768537,-5.9712580002]]]}},{"type":"Feature","properties":{"categoria":"PARQUE_3D","name":"Farol","color":"#fff59d","b":3.6,"h":3.95},"geometry":{"type":"Polygon","coordinates":[[[-79.7406771646,-5.9712600228],[-79.7406735227,-5.9712573489],[-79.7406761931,-5.9712537023],[-79.740679835,-5.9712563761],[-79.7406771646,-5.9712600228]]]}},{"type":"Feature","properties":{"categoria":"PARQUE_3D","name":"Farol","color":"#455a64","b":0,"h":3.8},"geometry":{"type":"Polygon","coordinates":[[[-79.7407625151,-5.9713612619],[-79.740761204,-5.9713602993],[-79.7407621654,-5.9713589866],[-79.7407634765,-5.9713599491],[-79.7407625151,-5.9713612619]]]}},{"type":"Feature","properties":{"categoria":"PARQUE_3D","name":"Farol","color":"#fff59d","b":3.6,"h":3.95},"geometry":{"type":"Polygon","coordinates":[[[-79.740762826,-5.9713632845],[-79.7407591841,-5.9713606106],[-79.7407618545,-5.971356964],[-79.7407654964,-5.9713596378],[-79.740762826,-5.9713632845]]]}},{"type":"Feature","properties":{"categoria":"PARQUE_3D","name":"Farol","color":"#455a64","b":0,"h":3.8},"geometry":{"type":"Polygon","coordinates":[[[-79.7406681198,-5.9713525168],[-79.7406668087,-5.9713515542],[-79.74066777,-5.9713502414],[-79.7406690811,-5.971351204],[-79.7406681198,-5.9713525168]]]}},{"type":"Feature","properties":{"categoria":"PARQUE_3D","name":"Farol","color":"#fff59d","b":3.6,"h":3.95},"geometry":{"type":"Polygon","coordinates":[[[-79.7406684307,-5.9713545393],[-79.7406647887,-5.9713518655],[-79.7406674591,-5.9713482189],[-79.7406711011,-5.9713508927],[-79.7406684307,-5.9713545393]]]}},{"type":"Feature","properties":{"categoria":"PARQUE_3D","name":"Farol","color":"#455a64","b":0,"h":3.8},"geometry":{"type":"Polygon","coordinates":[[[-79.7407712491,-5.9712667454],[-79.7407699379,-5.9712657828],[-79.7407708993,-5.97126447],[-79.7407722104,-5.9712654326],[-79.7407712491,-5.9712667454]]]}},{"type":"Feature","properties":{"categoria":"PARQUE_3D","name":"Farol","color":"#fff59d","b":3.6,"h":3.95},"geometry":{"type":"Polygon","coordinates":[[[-79.74077156,-5.9712687679],[-79.740767918,-5.9712660941],[-79.7407705884,-5.9712624475],[-79.7407742303,-5.9712651213],[-79.74077156,-5.9712687679]]]}},{"type":"Feature","properties":{"categoria":"PARQUE_3D","name":"Torre tobogán","color":"#e53935","b":0,"h":2.0},"geometry":{"type":"Polygon","coordinates":[[[-79.7407838101,-5.9714745727],[-79.7407721558,-5.9714660165],[-79.7407807011,-5.9714543473],[-79.7407923553,-5.9714629035],[-79.7407838101,-5.9714745727]]]}},{"type":"Feature","properties":{"categoria":"PARQUE_3D","name":"Techo torre","color":"#1e88e5","b":2.0,"h":2.35},"geometry":{"type":"Polygon","coordinates":[[[-79.7407841015,-5.9714764688],[-79.7407702621,-5.9714663083],[-79.7407804096,-5.9714524511],[-79.740794249,-5.9714626116],[-79.7407841015,-5.9714764688]]]}},{"type":"Feature","properties":{"categoria":"PARQUE_3D","name":"Tobogán","color":"#fdd835","b":1.4000000000000001,"h":1.6},"geometry":{"type":"Polygon","coordinates":[[[-79.7407742921,-5.9714630992],[-79.7407670082,-5.9714577515],[-79.7407712809,-5.9714519169],[-79.7407785648,-5.9714572646],[-79.7407742921,-5.9714630992]]]}},{"type":"Feature","properties":{"categoria":"PARQUE_3D","name":"Tobogán","color":"#fdd835","b":0.95,"h":1.15},"geometry":{"type":"Polygon","coordinates":[[[-79.7407670082,-5.9714577515],[-79.7407597243,-5.9714524039],[-79.740763997,-5.9714465693],[-79.7407712809,-5.9714519169],[-79.7407670082,-5.9714577515]]]}},{"type":"Feature","properties":{"categoria":"PARQUE_3D","name":"Tobogán","color":"#fdd835","b":0.49999999999999994,"h":0.7},"geometry":{"type":"Polygon","coordinates":[[[-79.7407597243,-5.9714524039],[-79.7407524404,-5.9714470563],[-79.7407567131,-5.9714412217],[-79.740763997,-5.9714465693],[-79.7407597243,-5.9714524039]]]}},{"type":"Feature","properties":{"categoria":"PARQUE_3D","name":"Tobogán","color":"#fdd835","b":0.09999999999999998,"h":0.3},"geometry":{"type":"Polygon","coordinates":[[[-79.7407524404,-5.9714470563],[-79.7407451565,-5.9714417086],[-79.7407494292,-5.971435874],[-79.7407567131,-5.9714412217],[-79.7407524404,-5.9714470563]]]}},{"type":"Feature","properties":{"categoria":"PARQUE_3D","name":"Columpio poste","color":"#1e88e5","b":0,"h":2.3},"geometry":{"type":"Polygon","coordinates":[[[-79.740734911,-5.9714423171],[-79.7407330901,-5.9714409801],[-79.7407344253,-5.9714391568],[-79.7407362462,-5.9714404937],[-79.740734911,-5.9714423171]]]}},{"type":"Feature","properties":{"categoria":"PARQUE_3D","name":"Columpio poste","color":"#1e88e5","b":0,"h":2.3},"geometry":{"type":"Polygon","coordinates":[[[-79.7407594786,-5.9714087681],[-79.7407576577,-5.9714074312],[-79.7407589929,-5.9714056078],[-79.7407608138,-5.9714069448],[-79.7407594786,-5.9714087681]]]}},{"type":"Feature","properties":{"categoria":"PARQUE_3D","name":"Columpio travesaño","color":"#1e88e5","b":2.1,"h":2.3},"geometry":{"type":"Polygon","coordinates":[[[-79.740734911,-5.9714423171],[-79.7407330901,-5.9714409801],[-79.7407589929,-5.9714056078],[-79.7407608138,-5.9714069448],[-79.740734911,-5.9714423171]]]}},{"type":"Feature","properties":{"categoria":"PARQUE_3D","name":"Columpio asiento","color":"#fdd835","b":0.45,"h":0.55},"geometry":{"type":"Polygon","coordinates":[[[-79.7407419512,-5.9714334679],[-79.7407394019,-5.9714315962],[-79.7407423393,-5.9714275849],[-79.7407448886,-5.9714294566],[-79.7407419512,-5.9714334679]]]}},{"type":"Feature","properties":{"categoria":"PARQUE_3D","name":"Columpio asiento","color":"#fdd835","b":0.45,"h":0.55},"geometry":{"type":"Polygon","coordinates":[[[-79.7407515646,-5.97142034],[-79.7407490153,-5.9714184683],[-79.7407519527,-5.971414457],[-79.740754502,-5.9714163287],[-79.7407515646,-5.97142034]]]}},{"type":"Feature","properties":{"categoria":"PARQUE_3D","name":"Sube y baja","color":"#43a047","b":0.45,"h":0.6},"geometry":{"type":"Polygon","coordinates":[[[-79.7407980586,-5.9714306442],[-79.7407762069,-5.9714146013],[-79.7407778091,-5.9714124133],[-79.7407996608,-5.9714284562],[-79.7407980586,-5.9714306442]]]}},{"type":"Feature","properties":{"categoria":"PARQUE_3D","name":"Sube y baja","color":"#43a047","b":0,"h":0.5},"geometry":{"type":"Polygon","coordinates":[[[-79.7407883225,-5.9714240569],[-79.7407854089,-5.9714219179],[-79.7407875452,-5.9714190006],[-79.7407904588,-5.9714211396],[-79.7407883225,-5.9714240569]]]}},{"type":"Feature","properties":{"categoria":"PARQUE_3D","name":"Máquina biosaludable","color":"#26a69a","b":0,"h":1.4},"geometry":{"type":"Polygon","coordinates":[[[-79.7406024403,-5.9713330054],[-79.7405929712,-5.9713260535],[-79.7405967098,-5.9713209482],[-79.7406061789,-5.9713279001],[-79.7406024403,-5.9713330054]]]}},{"type":"Feature","properties":{"categoria":"PARQUE_3D","name":"Máquina biosaludable","color":"#26a69a","b":0,"h":1.4},"geometry":{"type":"Polygon","coordinates":[[[-79.7406002529,-5.9712977565],[-79.7405907838,-5.9712908046],[-79.7405945224,-5.9712856993],[-79.7406039914,-5.9712926512],[-79.7406002529,-5.9712977565]]]}},{"type":"Feature","properties":{"categoria":"PARQUE_3D","name":"Máquina biosaludable","color":"#26a69a","b":0,"h":1.4},"geometry":{"type":"Polygon","coordinates":[[[-79.7405660208,-5.9713062672],[-79.7405565517,-5.9712993153],[-79.7405602903,-5.97129421],[-79.7405697593,-5.9713011619],[-79.7405660208,-5.9713062672]]]}},{"type":"Feature","properties":{"categoria":"PARQUE_3D","name":"Árbol tronco","color":"#6d4c41","b":0,"h":2.0},"geometry":{"type":"Polygon","coordinates":[[[-79.7407970874,-5.9715029363],[-79.7407941739,-5.9715007973],[-79.7407963102,-5.97149788],[-79.7407992238,-5.971500019],[-79.7407970874,-5.9715029363]]]}},{"type":"Feature","properties":{"categoria":"PARQUE_3D","name":"Árbol copa","color":"#2e7d32","b":1.8,"h":2.6},"geometry":{"type":"Polygon","coordinates":[[[-79.7407906075,-5.9714903571],[-79.7407994897,-5.9714889882],[-79.740806737,-5.971494309],[-79.7408081041,-5.9715032026],[-79.7408027901,-5.9715104592],[-79.740793908,-5.971511828],[-79.7407866607,-5.9715065073],[-79.7407852936,-5.9714976137],[-79.7407906075,-5.9714903571]]]}},{"type":"Feature","properties":{"categoria":"PARQUE_3D","name":"Árbol copa","color":"#2e7d32","b":2.6,"h":4.0},"geometry":{"type":"Polygon","coordinates":[[[-79.7407828594,-5.9714902476],[-79.7407940882,-5.9714834251],[-79.7408068463,-5.971486551],[-79.7408136601,-5.9714977942],[-79.7408105382,-5.9715105687],[-79.7407993094,-5.9715173912],[-79.7407865513,-5.9715142653],[-79.7407797375,-5.9715030221],[-79.7407828594,-5.9714902476]]]}},{"type":"Feature","properties":{"categoria":"PARQUE_3D","name":"Árbol copa","color":"#2e7d32","b":4.0,"h":4.8},"geometry":{"type":"Polygon","coordinates":[[[-79.7407910761,-5.9714911302],[-79.740799275,-5.9714898667],[-79.7408059648,-5.9714947782],[-79.7408072268,-5.9715029876],[-79.7408023216,-5.971509686],[-79.7407941227,-5.9715109496],[-79.7407874328,-5.9715060381],[-79.7407861709,-5.9714978287],[-79.7407910761,-5.9714911302]]]}},{"type":"Feature","properties":{"categoria":"PARQUE_3D","name":"Árbol tronco","color":"#6d4c41","b":0,"h":2.0},"geometry":{"type":"Polygon","coordinates":[[[-79.740925907,-5.971327023],[-79.7409229935,-5.9713248839],[-79.7409251298,-5.9713219666],[-79.7409280434,-5.9713241057],[-79.740925907,-5.971327023]]]}},{"type":"Feature","properties":{"categoria":"PARQUE_3D","name":"Árbol copa","color":"#388e3c","b":1.8,"h":2.6},"geometry":{"type":"Polygon","coordinates":[[[-79.7409194271,-5.9713144437],[-79.7409283093,-5.9713130749],[-79.7409355566,-5.9713183956],[-79.7409369237,-5.9713272892],[-79.7409316097,-5.9713345458],[-79.7409227276,-5.9713359147],[-79.7409154802,-5.9713305939],[-79.7409141132,-5.9713217003],[-79.7409194271,-5.9713144437]]]}},{"type":"Feature","properties":{"categoria":"PARQUE_3D","name":"Árbol copa","color":"#388e3c","b":2.6,"h":4.0},"geometry":{"type":"Polygon","coordinates":[[[-79.740911679,-5.9713143343],[-79.7409229078,-5.9713075117],[-79.7409356659,-5.9713106376],[-79.7409424797,-5.9713218808],[-79.7409393578,-5.9713346553],[-79.740928129,-5.9713414779],[-79.7409153709,-5.971338352],[-79.7409085571,-5.9713271087],[-79.740911679,-5.9713143343]]]}},{"type":"Feature","properties":{"categoria":"PARQUE_3D","name":"Árbol copa","color":"#388e3c","b":4.0,"h":4.8},"geometry":{"type":"Polygon","coordinates":[[[-79.7409198957,-5.9713152169],[-79.7409280946,-5.9713139533],[-79.7409347844,-5.9713188648],[-79.7409360463,-5.9713270743],[-79.7409311412,-5.9713337727],[-79.7409229422,-5.9713350362],[-79.7409162524,-5.9713301247],[-79.7409149905,-5.9713219153],[-79.7409198957,-5.9713152169]]]}},{"type":"Feature","properties":{"categoria":"PARQUE_3D","name":"Árbol tronco","color":"#6d4c41","b":0,"h":2.0},"geometry":{"type":"Polygon","coordinates":[[[-79.7408800184,-5.9712933328],[-79.7408771049,-5.9712911938],[-79.7408792412,-5.9712882765],[-79.7408821548,-5.9712904155],[-79.7408800184,-5.9712933328]]]}},{"type":"Feature","properties":{"categoria":"PARQUE_3D","name":"Árbol copa","color":"#1b5e20","b":1.8,"h":2.6},"geometry":{"type":"Polygon","coordinates":[[[-79.7408735385,-5.9712807536],[-79.7408824207,-5.9712793848],[-79.740889668,-5.9712847055],[-79.7408910351,-5.9712935991],[-79.7408857211,-5.9713008557],[-79.740876839,-5.9713022246],[-79.7408695917,-5.9712969038],[-79.7408682246,-5.9712880102],[-79.7408735385,-5.9712807536]]]}},{"type":"Feature","properties":{"categoria":"PARQUE_3D","name":"Árbol copa","color":"#1b5e20","b":2.6,"h":4.0},"geometry":{"type":"Polygon","coordinates":[[[-79.7408657904,-5.9712806442],[-79.7408770192,-5.9712738216],[-79.7408897773,-5.9712769475],[-79.7408965911,-5.9712881907],[-79.7408934692,-5.9713009652],[-79.7408822404,-5.9713077877],[-79.7408694823,-5.9713046619],[-79.7408626685,-5.9712934186],[-79.7408657904,-5.9712806442]]]}},{"type":"Feature","properties":{"categoria":"PARQUE_3D","name":"Árbol copa","color":"#1b5e20","b":4.0,"h":4.8},"geometry":{"type":"Polygon","coordinates":[[[-79.7408740071,-5.9712815268],[-79.740882206,-5.9712802632],[-79.7408888958,-5.9712851747],[-79.7408901578,-5.9712933841],[-79.7408852526,-5.9713000826],[-79.7408770537,-5.9713013461],[-79.7408703638,-5.9712964346],[-79.7408691019,-5.9712882252],[-79.7408740071,-5.9712815268]]]}},{"type":"Feature","properties":{"categoria":"PARQUE_3D","name":"Árbol tronco","color":"#6d4c41","b":0,"h":2.0},"geometry":{"type":"Polygon","coordinates":[[[-79.7408341299,-5.9712596427],[-79.7408312163,-5.9712575037],[-79.7408333526,-5.9712545864],[-79.7408362662,-5.9712567254],[-79.7408341299,-5.9712596427]]]}},{"type":"Feature","properties":{"categoria":"PARQUE_3D","name":"Árbol copa","color":"#2e7d32","b":1.8,"h":2.6},"geometry":{"type":"Polygon","coordinates":[[[-79.7408276499,-5.9712470635],[-79.7408365321,-5.9712456946],[-79.7408437794,-5.9712510154],[-79.7408451465,-5.971259909],[-79.7408398325,-5.9712671656],[-79.7408309504,-5.9712685345],[-79.7408237031,-5.9712632137],[-79.740822336,-5.9712543201],[-79.7408276499,-5.9712470635]]]}},{"type":"Feature","properties":{"categoria":"PARQUE_3D","name":"Árbol copa","color":"#2e7d32","b":2.6,"h":4.0},"geometry":{"type":"Polygon","coordinates":[[[-79.7408199018,-5.971246954],[-79.7408311306,-5.9712401315],[-79.7408438887,-5.9712432574],[-79.7408507025,-5.9712545006],[-79.7408475806,-5.9712672751],[-79.7408363518,-5.9712740976],[-79.7408235938,-5.9712709717],[-79.7408167799,-5.9712597285],[-79.7408199018,-5.971246954]]]}},{"type":"Feature","properties":{"categoria":"PARQUE_3D","name":"Árbol copa","color":"#2e7d32","b":4.0,"h":4.8},"geometry":{"type":"Polygon","coordinates":[[[-79.7408281185,-5.9712478367],[-79.7408363174,-5.9712465731],[-79.7408430072,-5.9712514846],[-79.7408442692,-5.971259694],[-79.740839364,-5.9712663924],[-79.7408311651,-5.971267656],[-79.7408244752,-5.9712627445],[-79.7408232133,-5.9712545351],[-79.7408281185,-5.9712478367]]]}},{"type":"Feature","properties":{"categoria":"PARQUE_3D","name":"Árbol tronco","color":"#6d4c41","b":0,"h":2.0},"geometry":{"type":"Polygon","coordinates":[[[-79.7406135331,-5.9713681759],[-79.7406106195,-5.9713660368],[-79.7406127558,-5.9713631195],[-79.7406156694,-5.9713652586],[-79.7406135331,-5.9713681759]]]}},{"type":"Feature","properties":{"categoria":"PARQUE_3D","name":"Árbol copa","color":"#388e3c","b":1.8,"h":2.6},"geometry":{"type":"Polygon","coordinates":[[[-79.7406070531,-5.9713555966],[-79.7406159353,-5.9713542278],[-79.7406231826,-5.9713595485],[-79.7406245497,-5.9713684421],[-79.7406192358,-5.9713756987],[-79.7406103536,-5.9713770676],[-79.7406031063,-5.9713717468],[-79.7406017392,-5.9713628532],[-79.7406070531,-5.9713555966]]]}},{"type":"Feature","properties":{"categoria":"PARQUE_3D","name":"Árbol copa","color":"#388e3c","b":2.6,"h":4.0},"geometry":{"type":"Polygon","coordinates":[[[-79.740599305,-5.9713554872],[-79.7406105339,-5.9713486646],[-79.7406232919,-5.9713517905],[-79.7406301058,-5.9713630337],[-79.7406269839,-5.9713758082],[-79.740615755,-5.9713826308],[-79.740602997,-5.9713795049],[-79.7405961832,-5.9713682616],[-79.740599305,-5.9713554872]]]}},{"type":"Feature","properties":{"categoria":"PARQUE_3D","name":"Árbol copa","color":"#388e3c","b":4.0,"h":4.8},"geometry":{"type":"Polygon","coordinates":[[[-79.7406075217,-5.9713563698],[-79.7406157206,-5.9713551062],[-79.7406224105,-5.9713600177],[-79.7406236724,-5.9713682272],[-79.7406187672,-5.9713749256],[-79.7406105683,-5.9713761891],[-79.7406038785,-5.9713712776],[-79.7406026165,-5.9713630682],[-79.7406075217,-5.9713563698]]]}},{"type":"Feature","properties":{"categoria":"PARQUE_3D","name":"Árbol tronco","color":"#6d4c41","b":0,"h":2.0},"geometry":{"type":"Polygon","coordinates":[[[-79.7407423527,-5.9711922625],[-79.7407394391,-5.9711901234],[-79.7407415754,-5.9711872061],[-79.740744489,-5.9711893452],[-79.7407423527,-5.9711922625]]]}},{"type":"Feature","properties":{"categoria":"PARQUE_3D","name":"Árbol copa","color":"#1b5e20","b":1.8,"h":2.6},"geometry":{"type":"Polygon","coordinates":[[[-79.7407358727,-5.9711796833],[-79.7407447549,-5.9711783144],[-79.7407520022,-5.9711836352],[-79.7407533693,-5.9711925288],[-79.7407480554,-5.9711997854],[-79.7407391732,-5.9712011542],[-79.7407319259,-5.9711958334],[-79.7407305588,-5.9711869399],[-79.7407358727,-5.9711796833]]]}},{"type":"Feature","properties":{"categoria":"PARQUE_3D","name":"Árbol copa","color":"#1b5e20","b":2.6,"h":4.0},"geometry":{"type":"Polygon","coordinates":[[[-79.7407281246,-5.9711795738],[-79.7407393535,-5.9711727512],[-79.7407521115,-5.9711758771],[-79.7407589253,-5.9711871204],[-79.7407558035,-5.9711998948],[-79.7407445746,-5.9712067174],[-79.7407318166,-5.9712035915],[-79.7407250027,-5.9711923483],[-79.7407281246,-5.9711795738]]]}},{"type":"Feature","properties":{"categoria":"PARQUE_3D","name":"Árbol copa","color":"#1b5e20","b":4.0,"h":4.8},"geometry":{"type":"Polygon","coordinates":[[[-79.7407363413,-5.9711804564],[-79.7407445402,-5.9711791929],[-79.74075123,-5.9711841044],[-79.740752492,-5.9711923138],[-79.7407475868,-5.9711990122],[-79.7407393879,-5.9712002758],[-79.740732698,-5.9711953643],[-79.7407314361,-5.9711871548],[-79.7407363413,-5.9711804564]]]}},{"type":"Feature","properties":{"categoria":"PARQUE_3D","name":"Árbol tronco","color":"#6d4c41","b":0,"h":2.0},"geometry":{"type":"Polygon","coordinates":[[[-79.7406964641,-5.9711585724],[-79.7406935505,-5.9711564333],[-79.7406956868,-5.971153516],[-79.7406986004,-5.9711556551],[-79.7406964641,-5.9711585724]]]}},{"type":"Feature","properties":{"categoria":"PARQUE_3D","name":"Árbol copa","color":"#2e7d32","b":1.8,"h":2.6},"geometry":{"type":"Polygon","coordinates":[[[-79.7406899841,-5.9711459931],[-79.7406988663,-5.9711446243],[-79.7407061136,-5.9711499451],[-79.7407074807,-5.9711588386],[-79.7407021668,-5.9711660953],[-79.7406932846,-5.9711674641],[-79.7406860373,-5.9711621433],[-79.7406846702,-5.9711532498],[-79.7406899841,-5.9711459931]]]}},{"type":"Feature","properties":{"categoria":"PARQUE_3D","name":"Árbol copa","color":"#2e7d32","b":2.6,"h":4.0},"geometry":{"type":"Polygon","coordinates":[[[-79.740682236,-5.9711458837],[-79.7406934649,-5.9711390611],[-79.7407062229,-5.971142187],[-79.7407130368,-5.9711534303],[-79.7407099149,-5.9711662047],[-79.740698686,-5.9711730273],[-79.740685928,-5.9711699014],[-79.7406791142,-5.9711586581],[-79.740682236,-5.9711458837]]]}},{"type":"Feature","properties":{"categoria":"PARQUE_3D","name":"Árbol copa","color":"#2e7d32","b":4.0,"h":4.8},"geometry":{"type":"Polygon","coordinates":[[[-79.7406904527,-5.9711467663],[-79.7406986516,-5.9711455028],[-79.7407053415,-5.9711504142],[-79.7407066034,-5.9711586237],[-79.7407016982,-5.9711653221],[-79.7406934993,-5.9711665857],[-79.7406868095,-5.9711616742],[-79.7406855475,-5.9711534647],[-79.7406904527,-5.9711467663]]]}},{"type":"Feature","properties":{"categoria":"PARQUE_3D","name":"Árbol tronco","color":"#6d4c41","b":0,"h":2.0},"geometry":{"type":"Polygon","coordinates":[[[-79.7405217559,-5.9713007956],[-79.7405188423,-5.9712986566],[-79.7405209786,-5.9712957393],[-79.7405238922,-5.9712978783],[-79.7405217559,-5.9713007956]]]}},{"type":"Feature","properties":{"categoria":"PARQUE_3D","name":"Árbol copa","color":"#388e3c","b":1.8,"h":2.6},"geometry":{"type":"Polygon","coordinates":[[[-79.740515276,-5.9712882164],[-79.7405241581,-5.9712868475],[-79.7405314054,-5.9712921683],[-79.7405327725,-5.9713010619],[-79.7405274586,-5.9713083185],[-79.7405185764,-5.9713096874],[-79.7405113291,-5.9713043666],[-79.740509962,-5.971295473],[-79.740515276,-5.9712882164]]]}},{"type":"Feature","properties":{"categoria":"PARQUE_3D","name":"Árbol copa","color":"#388e3c","b":2.6,"h":4.0},"geometry":{"type":"Polygon","coordinates":[[[-79.7405075279,-5.9712881069],[-79.7405187567,-5.9712812844],[-79.7405315148,-5.9712844103],[-79.7405383286,-5.9712956535],[-79.7405352067,-5.971308428],[-79.7405239779,-5.9713152505],[-79.7405112198,-5.9713121246],[-79.740504406,-5.9713008814],[-79.7405075279,-5.9712881069]]]}},{"type":"Feature","properties":{"categoria":"PARQUE_3D","name":"Árbol copa","color":"#388e3c","b":4.0,"h":4.8},"geometry":{"type":"Polygon","coordinates":[[[-79.7405157445,-5.9712889896],[-79.7405239434,-5.971287726],[-79.7405306333,-5.9712926375],[-79.7405318952,-5.9713008469],[-79.74052699,-5.9713075453],[-79.7405187911,-5.9713088089],[-79.7405121013,-5.9713038974],[-79.7405108393,-5.971295688],[-79.7405157445,-5.9712889896]]]}},{"type":"Feature","properties":{"categoria":"PARQUE_3D","name":"Árbol tronco","color":"#6d4c41","b":0,"h":2.0},"geometry":{"type":"Polygon","coordinates":[[[-79.7406505755,-5.9711248823],[-79.7406476619,-5.9711227432],[-79.7406497982,-5.9711198259],[-79.7406527118,-5.971121965],[-79.7406505755,-5.9711248823]]]}},{"type":"Feature","properties":{"categoria":"PARQUE_3D","name":"Árbol copa","color":"#1b5e20","b":1.8,"h":2.6},"geometry":{"type":"Polygon","coordinates":[[[-79.7406440956,-5.971112303],[-79.7406529777,-5.9711109342],[-79.740660225,-5.971116255],[-79.7406615921,-5.9711251485],[-79.7406562782,-5.9711324051],[-79.740647396,-5.971133774],[-79.7406401487,-5.9711284532],[-79.7406387816,-5.9711195597],[-79.7406440956,-5.971112303]]]}},{"type":"Feature","properties":{"categoria":"PARQUE_3D","name":"Árbol copa","color":"#1b5e20","b":2.6,"h":4.0},"geometry":{"type":"Polygon","coordinates":[[[-79.7406363474,-5.9711121936],[-79.7406475763,-5.971105371],[-79.7406603343,-5.9711084969],[-79.7406671482,-5.9711197401],[-79.7406640263,-5.9711325146],[-79.7406527975,-5.9711393372],[-79.7406400394,-5.9711362113],[-79.7406332256,-5.971124968],[-79.7406363474,-5.9711121936]]]}},{"type":"Feature","properties":{"categoria":"PARQUE_3D","name":"Árbol copa","color":"#1b5e20","b":4.0,"h":4.8},"geometry":{"type":"Polygon","coordinates":[[[-79.7406445641,-5.9711130762],[-79.740652763,-5.9711118126],[-79.7406594529,-5.9711167241],[-79.7406607148,-5.9711249336],[-79.7406558096,-5.971131632],[-79.7406476107,-5.9711328955],[-79.7406409209,-5.9711279841],[-79.7406396589,-5.9711197746],[-79.7406445641,-5.9711130762]]]}},{"type":"Feature","properties":{"categoria":"PARQUE_3D","name":"Árbol tronco","color":"#6d4c41","b":0,"h":2.0},"geometry":{"type":"Polygon","coordinates":[[[-79.7408307344,-5.9714569888],[-79.7408278208,-5.9714548497],[-79.7408299571,-5.9714519324],[-79.7408328707,-5.9714540715],[-79.7408307344,-5.9714569888]]]}},{"type":"Feature","properties":{"categoria":"PARQUE_3D","name":"Árbol copa","color":"#2e7d32","b":1.8,"h":2.6},"geometry":{"type":"Polygon","coordinates":[[[-79.7408242544,-5.9714444096],[-79.7408331366,-5.9714430407],[-79.7408403839,-5.9714483615],[-79.740841751,-5.9714572551],[-79.740836437,-5.9714645117],[-79.7408275549,-5.9714658805],[-79.7408203076,-5.9714605598],[-79.7408189405,-5.9714516662],[-79.7408242544,-5.9714444096]]]}},{"type":"Feature","properties":{"categoria":"PARQUE_3D","name":"Árbol copa","color":"#2e7d32","b":2.6,"h":4.0},"geometry":{"type":"Polygon","coordinates":[[[-79.7408165063,-5.9714443001],[-79.7408277351,-5.9714374775],[-79.7408404932,-5.9714406034],[-79.740847307,-5.9714518467],[-79.7408441851,-5.9714646211],[-79.7408329563,-5.9714714437],[-79.7408201983,-5.9714683178],[-79.7408133844,-5.9714570746],[-79.7408165063,-5.9714443001]]]}},{"type":"Feature","properties":{"categoria":"PARQUE_3D","name":"Árbol copa","color":"#2e7d32","b":4.0,"h":4.8},"geometry":{"type":"Polygon","coordinates":[[[-79.740824723,-5.9714451827],[-79.7408329219,-5.9714439192],[-79.7408396117,-5.9714488307],[-79.7408408737,-5.9714570401],[-79.7408359685,-5.9714637385],[-79.7408277696,-5.9714650021],[-79.7408210797,-5.9714600906],[-79.7408198178,-5.9714518811],[-79.740824723,-5.9714451827]]]}},{"type":"Feature","properties":{"categoria":"PARQUE_3D","name":"Árbol tronco","color":"#6d4c41","b":0,"h":2.0},"geometry":{"type":"Polygon","coordinates":[[[-79.7405475362,-5.9712490727],[-79.7405446226,-5.9712469336],[-79.7405467589,-5.9712440163],[-79.7405496725,-5.9712461554],[-79.7405475362,-5.9712490727]]]}},{"type":"Feature","properties":{"categoria":"PARQUE_3D","name":"Árbol copa","color":"#388e3c","b":1.8,"h":2.6},"geometry":{"type":"Polygon","coordinates":[[[-79.7405410563,-5.9712364934],[-79.7405499384,-5.9712351246],[-79.7405571857,-5.9712404454],[-79.7405585528,-5.9712493389],[-79.7405532389,-5.9712565955],[-79.7405443567,-5.9712579644],[-79.7405371094,-5.9712526436],[-79.7405357423,-5.97124375],[-79.7405410563,-5.9712364934]]]}},{"type":"Feature","properties":{"categoria":"PARQUE_3D","name":"Árbol copa","color":"#388e3c","b":2.6,"h":4.0},"geometry":{"type":"Polygon","coordinates":[[[-79.7405333081,-5.971236384],[-79.740544537,-5.9712295614],[-79.740557295,-5.9712326873],[-79.7405641089,-5.9712439305],[-79.740560987,-5.971256705],[-79.7405497582,-5.9712635276],[-79.7405370001,-5.9712604017],[-79.7405301863,-5.9712491584],[-79.7405333081,-5.971236384]]]}},{"type":"Feature","properties":{"categoria":"PARQUE_3D","name":"Árbol copa","color":"#388e3c","b":4.0,"h":4.8},"geometry":{"type":"Polygon","coordinates":[[[-79.7405415248,-5.9712372666],[-79.7405497237,-5.971236003],[-79.7405564136,-5.9712409145],[-79.7405576755,-5.971249124],[-79.7405527703,-5.9712558224],[-79.7405445714,-5.9712570859],[-79.7405378816,-5.9712521744],[-79.7405366196,-5.971243965],[-79.7405415248,-5.9712372666]]]}},{"type":"Feature","properties":{"categoria":"PARQUE_3D","name":"Árbol tronco","color":"#6d4c41","b":0,"h":2.0},"geometry":{"type":"Polygon","coordinates":[[[-79.7408980282,-5.9713650938],[-79.7408951146,-5.9713629547],[-79.7408972509,-5.9713600374],[-79.7409001645,-5.9713621765],[-79.7408980282,-5.9713650938]]]}},{"type":"Feature","properties":{"categoria":"PARQUE_3D","name":"Árbol copa","color":"#1b5e20","b":1.8,"h":2.6},"geometry":{"type":"Polygon","coordinates":[[[-79.7408915482,-5.9713525145],[-79.7409004304,-5.9713511457],[-79.7409076777,-5.9713564665],[-79.7409090448,-5.97136536],[-79.7409037309,-5.9713726166],[-79.7408948487,-5.9713739855],[-79.7408876014,-5.9713686647],[-79.7408862343,-5.9713597711],[-79.7408915482,-5.9713525145]]]}},{"type":"Feature","properties":{"categoria":"PARQUE_3D","name":"Árbol copa","color":"#1b5e20","b":2.6,"h":4.0},"geometry":{"type":"Polygon","coordinates":[[[-79.7408838001,-5.9713524051],[-79.740895029,-5.9713455825],[-79.740907787,-5.9713487084],[-79.7409146008,-5.9713599516],[-79.740911479,-5.9713727261],[-79.7409002501,-5.9713795487],[-79.7408874921,-5.9713764228],[-79.7408806783,-5.9713651795],[-79.7408838001,-5.9713524051]]]}},{"type":"Feature","properties":{"categoria":"PARQUE_3D","name":"Árbol copa","color":"#1b5e20","b":4.0,"h":4.8},"geometry":{"type":"Polygon","coordinates":[[[-79.7408920168,-5.9713532877],[-79.7409002157,-5.9713520241],[-79.7409069055,-5.9713569356],[-79.7409081675,-5.9713651451],[-79.7409032623,-5.9713718435],[-79.7408950634,-5.971373107],[-79.7408883735,-5.9713681955],[-79.7408871116,-5.9713599861],[-79.7408920168,-5.9713532877]]]}},{"type":"Feature","properties":{"categoria":"PARQUE_3D","name":"Árbol tronco","color":"#6d4c41","b":0,"h":2.0},"geometry":{"type":"Polygon","coordinates":[[[-79.74061483,-5.9711571776],[-79.7406119164,-5.9711550386],[-79.7406140528,-5.9711521213],[-79.7406169663,-5.9711542603],[-79.74061483,-5.9711571776]]]}},{"type":"Feature","properties":{"categoria":"PARQUE_3D","name":"Árbol copa","color":"#2e7d32","b":1.8,"h":2.6},"geometry":{"type":"Polygon","coordinates":[[[-79.7406083501,-5.9711445984],[-79.7406172322,-5.9711432295],[-79.7406244795,-5.9711485503],[-79.7406258466,-5.9711574439],[-79.7406205327,-5.9711647005],[-79.7406116505,-5.9711660693],[-79.7406044032,-5.9711607486],[-79.7406030361,-5.971151855],[-79.7406083501,-5.9711445984]]]}},{"type":"Feature","properties":{"categoria":"PARQUE_3D","name":"Árbol copa","color":"#2e7d32","b":2.6,"h":4.0},"geometry":{"type":"Polygon","coordinates":[[[-79.740600602,-5.9711444889],[-79.7406118308,-5.9711376664],[-79.7406245889,-5.9711407923],[-79.7406314027,-5.9711520355],[-79.7406282808,-5.97116481],[-79.740617052,-5.9711716325],[-79.7406042939,-5.9711685066],[-79.7405974801,-5.9711572634],[-79.740600602,-5.9711444889]]]}},{"type":"Feature","properties":{"categoria":"PARQUE_3D","name":"Árbol copa","color":"#2e7d32","b":4.0,"h":4.8},"geometry":{"type":"Polygon","coordinates":[[[-79.7406088186,-5.9711453715],[-79.7406170175,-5.971144108],[-79.7406237074,-5.9711490195],[-79.7406249693,-5.9711572289],[-79.7406200641,-5.9711639273],[-79.7406118652,-5.9711651909],[-79.7406051754,-5.9711602794],[-79.7406039134,-5.97115207],[-79.7406088186,-5.9711453715]]]}},{"type":"Feature","properties":{"categoria":"PARQUE_3D","name":"Árbol tronco","color":"#6d4c41","b":0,"h":2.0},"geometry":{"type":"Polygon","coordinates":[[[-79.7408473608,-5.9713204938],[-79.7408444473,-5.9713183547],[-79.7408465836,-5.9713154374],[-79.7408494972,-5.9713175765],[-79.7408473608,-5.9713204938]]]}},{"type":"Feature","properties":{"categoria":"PARQUE_3D","name":"Árbol copa","color":"#388e3c","b":1.8,"h":2.6},"geometry":{"type":"Polygon","coordinates":[[[-79.7408408809,-5.9713079146],[-79.7408497631,-5.9713065457],[-79.7408570104,-5.9713118665],[-79.7408583775,-5.97132076],[-79.7408530635,-5.9713280167],[-79.7408441814,-5.9713293855],[-79.7408369341,-5.9713240647],[-79.740835567,-5.9713151712],[-79.7408408809,-5.9713079146]]]}},{"type":"Feature","properties":{"categoria":"PARQUE_3D","name":"Árbol copa","color":"#388e3c","b":2.6,"h":4.0},"geometry":{"type":"Polygon","coordinates":[[[-79.7408331328,-5.9713078051],[-79.7408443616,-5.9713009825],[-79.7408571197,-5.9713041084],[-79.7408639335,-5.9713153517],[-79.7408608116,-5.9713281261],[-79.7408495828,-5.9713349487],[-79.7408368247,-5.9713318228],[-79.7408300109,-5.9713205796],[-79.7408331328,-5.9713078051]]]}},{"type":"Feature","properties":{"categoria":"PARQUE_3D","name":"Árbol copa","color":"#388e3c","b":4.0,"h":4.8},"geometry":{"type":"Polygon","coordinates":[[[-79.7408413495,-5.9713086877],[-79.7408495484,-5.9713074242],[-79.7408562382,-5.9713123356],[-79.7408575002,-5.9713205451],[-79.740852595,-5.9713272435],[-79.7408443961,-5.9713285071],[-79.7408377062,-5.9713235956],[-79.7408364443,-5.9713153861],[-79.7408413495,-5.9713086877]]]}},{"type":"Feature","properties":{"categoria":"PARQUE_3D","name":"Árbol tronco","color":"#6d4c41","b":0,"h":2.0},"geometry":{"type":"Polygon","coordinates":[[[-79.7406725472,-5.9711921505],[-79.7406696336,-5.9711900114],[-79.7406717699,-5.9711870941],[-79.7406746835,-5.9711892332],[-79.7406725472,-5.9711921505]]]}},{"type":"Feature","properties":{"categoria":"PARQUE_3D","name":"Árbol copa","color":"#1b5e20","b":1.8,"h":2.6},"geometry":{"type":"Polygon","coordinates":[[[-79.7406660672,-5.9711795713],[-79.7406749494,-5.9711782024],[-79.7406821967,-5.9711835232],[-79.7406835638,-5.9711924167],[-79.7406782498,-5.9711996734],[-79.7406693677,-5.9712010422],[-79.7406621204,-5.9711957214],[-79.7406607533,-5.9711868279],[-79.7406660672,-5.9711795713]]]}},{"type":"Feature","properties":{"categoria":"PARQUE_3D","name":"Árbol copa","color":"#1b5e20","b":2.6,"h":4.0},"geometry":{"type":"Polygon","coordinates":[[[-79.7406583191,-5.9711794618],[-79.7406695479,-5.9711726392],[-79.740682306,-5.9711757651],[-79.7406891198,-5.9711870084],[-79.740685998,-5.9711997828],[-79.7406747691,-5.9712066054],[-79.7406620111,-5.9712034795],[-79.7406551972,-5.9711922363],[-79.7406583191,-5.9711794618]]]}},{"type":"Feature","properties":{"categoria":"PARQUE_3D","name":"Árbol copa","color":"#1b5e20","b":4.0,"h":4.8},"geometry":{"type":"Polygon","coordinates":[[[-79.7406665358,-5.9711803444],[-79.7406747347,-5.9711790809],[-79.7406814245,-5.9711839923],[-79.7406826865,-5.9711922018],[-79.7406777813,-5.9711989002],[-79.7406695824,-5.9712001638],[-79.7406628925,-5.9711952523],[-79.7406616306,-5.9711870428],[-79.7406665358,-5.9711803444]]]}}]}